file	class	member	kind	loc	weight	classification	reason	coupled_tests_grep	w_tests	direct_tests	needs_fallback	target_rust_module	planned_task	category	line
src/astmodelmanager.ts		astProcessFile	function	7	7	TS	processFile callback is the pluggable parse seam: CTO text is parsed by concerto-cto in JS (tests stub Parser.parse); the resulting AST is what crosses into Rust	-	-	-	false	-	-	logic	19
src/astmodelmanager.ts	AstModelManager	constructor	ctor	3	1.5	TS	subclass wiring only: passes the AST processFile callback to BaseModelManager	B:astmodelmanager.js	-	n=2 astmodelmanager.js:2	false	-	-	glue	46
src/basemodelmanager.ts		getFileNameFromIdentifier	function	4	2	TS	JS-side helper: path string handling for writeModelsToFileSystem. Stays TS by maintainer decision (accordproject/concerto-rust#276, 2026-09-28)	-	-	-	false	-	P2-08+P4-08	glue	32
src/basemodelmanager.ts		newEngineState	function	9	9	PARTIAL	no engine call: a straight-line read of view state (a snapshot field, the wrapped AST node or a child view), a fixed-data builder or a forward to other members; PORTING 1.5 snapshot design allows it on a view, but the member itself runs no Rust (accordproject/concerto-rust#261)	-	-	-	false	concerto_core::model_manager	P2-08+P4-08	logic	63
src/basemodelmanager.ts		managerReadMemo	function	12	12	TS	engine shim (P4-02/P5-02): plumbing that loads or calls the Rust engine, not ported TS model logic; the model behaviour itself runs in Rust. Classified at the P5-64 re-audit (accordproject/concerto-rust#401) (P5-29 read memo: the manager's memo of getType/resolveType answers, rebuilt when it no longer holds)	-	-	-	false	-	-	logic	80
src/basemodelmanager.ts		namespaceListOf	function	3	1.5	PARTIAL	no engine call: a straight-line read of view state (a snapshot field, the wrapped AST node or a child view), a fixed-data builder or a forward to other members; PORTING 1.5 snapshot design allows it on a view, but the member itself runs no Rust (accordproject/concerto-rust#261)	-	-	-	false	concerto_core::model_manager	P2-08+P4-08	glue	101
src/basemodelmanager.ts		noteNamespaceAdded	function	8	8	PARTIAL	no engine call: the TS body (branches, loops or throw sites) still runs and decides the result and any exception; not yet converted to a delegation. Planned task kept; porting it is follow-up after P5-10 (accordproject/concerto-rust#261)	-	-	-	false	concerto_core::model_manager	P2-08+P4-08	logic	113
src/basemodelmanager.ts		noteNamespaceRemoved	function	9	9	PARTIAL	no engine call: the TS body (branches, loops or throw sites) still runs and decides the result and any exception; not yet converted to a delegation. Planned task kept; porting it is follow-up after P5-10 (accordproject/concerto-rust#261)	-	-	-	false	concerto_core::model_manager	P2-08+P4-08	logic	130
src/basemodelmanager.ts		defaultProcessFile	function	7	7	TS	processFile callback is the pluggable parse seam: CTO text is parsed by concerto-cto in JS (tests stub Parser.parse); the resulting AST is what crosses into Rust	-	-	-	false	-	-	logic	141
src/basemodelmanager.ts		warnRegExpOptionIgnored	function	13	13	TS	JS process warning (P5-52, BC-28): options.regExp is ignored, regular expressions run in the engine; no model logic. Classified at the P5-64 re-audit (accordproject/concerto-rust#401)	-	-	-	false	-	-	logic	174
src/basemodelmanager.ts		typeNameArgument	function	7	7	TS	JS argument guard (P5-34): a non-string type name goes through ModelUtil.getNamespace for its TypeError; the lookup itself is counted in the RUST getType/resolveType. Classified at the P5-64 re-audit (accordproject/concerto-rust#401)	-	-	-	false	-	-	logic	202
src/basemodelmanager.ts	BaseModelManager	constructor	ctor	40	20	HYBRID	creates the Rust ModelManager handle; also builds the TS Factory/Serializer, keeps the JS processFile callback and the options object (decoratorValidation; options.regExp is ignored with a warning since P5-52)	B:modelmanager.js	-	n=2 modelmanager.js:2	false	concerto_core::model_manager	P2-08+P4-08	glue	314
src/basemodelmanager.ts	BaseModelManager	isModelManager	method	3	1.5	TS	constant-return member (type/kind marker or fixed default, body is `return <literal>`); stays as-is on the TS class, nothing to port	B:astmodelmanager.js,modelmanager.js	-	n=2 astmodelmanager.js:1,modelmanager.js:1	false	-	-	glue	359
src/basemodelmanager.ts	BaseModelManager	addRootModel	method	15	15	TS	JS module-interop guard (`getRootModel || module`) around adding the fixed root model; Rust mirrors the system models itself. Stays TS by maintainer decision (accordproject/concerto-rust#276, 2026-09-28)	-	-	-	false	-	P2-08+P4-08	logic	367
src/basemodelmanager.ts	BaseModelManager	isAliasedTypeEnabled	method	3	1.5	TS	constant-return member (type/kind marker or fixed default, body is `return <literal>`); stays as-is on the TS class, nothing to port	-	-	-	false	-	-	glue	387
src/basemodelmanager.ts	BaseModelManager	accept	method	3	1.5	TS	visitor dispatch entry point (accept -> visitor.visit); kept in TS, visitors call back into views	B:serializer/resourcevalidator.js,serializer/instancegenerator.js,introspect/classdeclaration.js,+8	-	n=37 serializer/resourcevalidator.js:27,introspect/classdeclaration.js:1,introspect/decorator.js:1,+8files	false	-	-	glue	397
src/basemodelmanager.ts	BaseModelManager	validateModelFile	method	9	13.5	TS	orchestration: parses CTO text through the JS processFile callback (concerto-cto) and forwards to RUST members, where the Rust work is counted; this body makes no engine call. Stays TS by maintainer decision (accordproject/concerto-rust#276, 2026-09-28) (then ModelFile.validate)	B:modelmanager.js,introspect/assetdeclaration.js	-	n=6 modelmanager.js:5,introspect/assetdeclaration.js:1	false	-	P2-08+P4-08	validation	412
src/basemodelmanager.ts	BaseModelManager	addDecoratorModel	method	16	16	TS	JS module-interop guard (`getDecoratorModel || module`) around adding the fixed decorator model; Rust mirrors the system models itself. Stays TS by maintainer decision (accordproject/concerto-rust#276, 2026-09-28)	-	-	-	false	-	P2-08+P4-08	logic	426
src/basemodelmanager.ts	BaseModelManager	_needsRustWrite	method	6	6	TS	engine shim (P4-02/P5-02): plumbing that loads or calls the Rust engine, not ported TS model logic; the model behaviour itself runs in Rust (decides which namespaces are mirrored to rustHandle)	-	-	-	false	-	-	logic	461
src/basemodelmanager.ts	BaseModelManager	_checkModelFile	method	5	2.5	TS	JS argument guard (P5-34, BC-46): rejects a model file the ModelFile constructor did not build (a JS object-identity check); no model logic. Classified at the P5-64 re-audit (accordproject/concerto-rust#401)	-	-	-	false	-	-	glue	481
src/basemodelmanager.ts	BaseModelManager	_rustMirrorAdd	method	19	19	TS	engine shim (P4-02/P5-02): plumbing that loads or calls the Rust engine, not ported TS model logic; the model behaviour itself runs in Rust (the rustHandle write for an added model file: registers the file Rust loaded at construction, or sends the AST)	-	-	-	false	-	-	logic	499
src/basemodelmanager.ts	BaseModelManager	_rustMirrorAddAll	method	18	18	RUST		-	-	-	false	concerto_core::model_manager	P2-08+P4-08	logic	531
src/basemodelmanager.ts	BaseModelManager	_addStagedModelFiles	method	9	9	RUST		-	-	-	false	concerto_core::model_manager	P2-08+P4-08	logic	562
src/basemodelmanager.ts	BaseModelManager	_registerAdded	method	7	7	PARTIAL	no engine call: a straight-line read of view state (a snapshot field, the wrapped AST node or a child view), a fixed-data builder or a forward to other members; PORTING 1.5 snapshot design allows it on a view, but the member itself runs no Rust (accordproject/concerto-rust#261)	-	-	-	false	concerto_core::model_manager	P2-08+P4-08	logic	581
src/basemodelmanager.ts	BaseModelManager	_rustValidateAndMirrorAdd	method	23	23	TS	engine shim (P4-02/P5-02): plumbing that loads or calls the Rust engine, not ported TS model logic; the model behaviour itself runs in Rust. Classified at the P5-64 re-audit (accordproject/concerto-rust#401) (P5-28: validates and registers a staged model file in rustHandle in one call)	-	-	-	false	-	-	logic	604
src/basemodelmanager.ts	BaseModelManager	_rustMirrorUpdate	method	25	25	TS	engine shim (P4-02/P5-02): plumbing that loads or calls the Rust engine, not ported TS model logic; the model behaviour itself runs in Rust (the rustHandle write for a replaced model file: update, add or delete)	-	-	-	false	-	-	logic	638
src/basemodelmanager.ts	BaseModelManager	_rustHandleMatchesModelFiles	method	3	1.5	TS	engine shim (P4-02/P5-02): plumbing that loads or calls the Rust engine, not ported TS model logic; the model behaviour itself runs in Rust. Classified at the P5-64 re-audit (accordproject/concerto-rust#401) (P5-34: a read of the _mirrorPending flag, no engine call)	-	-	-	false	-	-	glue	675
src/basemodelmanager.ts	BaseModelManager	_modelFileTypeName	method	16	16	RUST		-	-	-	false	concerto_core::model_manager	P2-08+P4-08	logic	691
src/basemodelmanager.ts	BaseModelManager	_rustModelFileId	method	10	10	TS	engine shim (P4-02/P5-02): plumbing that loads or calls the Rust engine, not ported TS model logic; the model behaviour itself runs in Rust. Classified at the P5-64 re-audit (accordproject/concerto-rust#401) (caches the rustHandle arena id of a namespace's model file)	-	-	-	false	-	-	logic	718
src/basemodelmanager.ts	BaseModelManager	_throwAlreadyExists	method	17	25.5	RUST		-	-	-	false	concerto_core::model_manager	P2-08+P4-08	validation	734
src/basemodelmanager.ts	BaseModelManager	addModelFile	method	43	43	RUST		B:introspect/modelfile.js,modelmanager.js,decoratormanager.js,+2	-	n=35 introspect/modelfile.js:13,modelmanager.js:10,decoratormanager.js:8,+2files	false	concerto_core::model_manager	P2-08+P4-08	logic	767
src/basemodelmanager.ts	BaseModelManager	validateAst	method	24	36	RUST		-	-	-	false	concerto_core::instance::metamodel	P3-04+P4-08	validation	818
src/basemodelmanager.ts	BaseModelManager	_mirrorMetamodelLeak	method	7	7	RUST		-	-	-	false	concerto_core::model_manager	P2-08+P4-08	logic	857
src/basemodelmanager.ts	BaseModelManager	addModel	method	12	12	TS	orchestration: parses CTO text through the JS processFile callback (concerto-cto) and forwards to RUST members, where the Rust work is counted; this body makes no engine call. Stays TS by maintainer decision (accordproject/concerto-rust#276, 2026-09-28) (then addModelFile)	B:modelmanager.js,astmodelmanager.js	-	n=3 modelmanager.js:2,astmodelmanager.js:1	false	-	P2-08+P4-08	logic	880
src/basemodelmanager.ts	BaseModelManager	updateModelFile	method	25	25	HYBRID	string inputs go through the JS processFile callback (CTO parsing stays in concerto-cto); the add/validate/rollback logic runs in Rust	B:modelmanager.js	-	n=6 modelmanager.js:6	false	concerto_core::model_manager	P2-08+P4-08	logic	904
src/basemodelmanager.ts	BaseModelManager	deleteModelFile	method	21	21	RUST		B:serializer/resourcevalidator.js,modelmanager.js	-	n=5 serializer/resourcevalidator.js:3,modelmanager.js:2	false	concerto_core::model_manager	P2-08+P4-08	logic	934
src/basemodelmanager.ts	BaseModelManager	addModelFiles	method	103	103	HYBRID	string inputs go through the JS processFile callback (CTO parsing stays in concerto-cto); the add/validate/rollback logic runs in Rust	B:modelmanager.js,introspect/scalardeclaration.js,introspect/classdeclaration.js,+6	-	n=83 introspect/classdeclaration.js:23,introspect/scalardeclaration.js:18,modelmanager.js:18,+8files	false	concerto_core::model_manager	P2-08+P4-08	logic	963
src/basemodelmanager.ts	BaseModelManager	validateModelFiles	method	8	12	RUST		B:validateDecorators.js,modelmanager.js,composer/composermodelutility.js	-	n=19 validateDecorators.js:17,modelmanager.js:2	false	concerto_core::model_manager	P2-08+P4-08	validation	1070
src/basemodelmanager.ts	BaseModelManager	updateExternalModels	method	71	71	RUST		B:modelmanager.js	-	n=9 modelmanager.js:9	false	concerto_core::model_manager	P2-08+P4-08	logic	1087
src/basemodelmanager.ts	BaseModelManager	writeModelsToFileSystem	method	15	15	TS	writes files through concerto-util ModelWriter (Node fs); no model logic	B:modelmanager.js	-	n=3 modelmanager.js:3	false	-	-	logic	1167
src/basemodelmanager.ts	BaseModelManager	getDecoratorValidation	method	3	1.5	TS	trivial accessor: returns a field of the view, which P5-10 lazy views fill from the Rust snapshot (or the wrapped AST); a Rust crossing (0.2-1.4 us) costs 2-30x the read (0.1-0.2 us). Stays TS by maintainer decision (accordproject/concerto-rust#276, 2026-09-28)	-	-	-	false	-	P2-08+P4-08	glue	1187
src/basemodelmanager.ts	BaseModelManager	getModelFiles	method	13	13	TS	trivial accessor or filter over lazily built views: the state it reads was computed by Rust at load; a crossing costs more than it saves. Stays TS by maintainer decision (accordproject/concerto-rust#276, 2026-09-28) (a filter over the model-file view map: 0.23 us in TS against 3.1 us for a string[] crossing)	B:modelmanager.js,modelloader.js,decoratormanager.js	-	n=11 modelloader.js:5,modelmanager.js:3,decoratormanager.js:1,+2files	false	-	P2-08+P4-08	logic	1198
src/basemodelmanager.ts	BaseModelManager	getModels	method	22	22	TS	returns the CTO definitions text, which lives in JS (ModelFile.getDefinitions); a crossing would copy every CTO text back. Stays TS by maintainer decision (accordproject/concerto-rust#276, 2026-09-28)	B:modelmanager.js	-	n=8 modelmanager.js:8	false	-	P2-08+P4-08	logic	1219
src/basemodelmanager.ts	BaseModelManager	resolveType	method	21	31.5	RUST		B:modelmanager.js,composer/i18n.js	-	n=5 modelmanager.js:4,composer/i18n.js:1	false	concerto_core::model_manager	P2-08+P4-08	validation	1250
src/basemodelmanager.ts	BaseModelManager	_newRustHandle	method	8	8	TS	engine shim (P4-02/P5-02): plumbing that loads or calls the Rust engine, not ported TS model logic; the model behaviour itself runs in Rust. Classified at the P5-64 re-audit (accordproject/concerto-rust#401) (creates the Rust ModelManagerHandle and sets its two options)	-	-	-	false	-	-	logic	1283
src/basemodelmanager.ts	BaseModelManager	clearModelFiles	method	27	27	RUST		B:introspect/property_ex.js,model/concept.js,model/relationship.js,+1	-	n=6 models/test.js:4,models/model.js:1,models/relationship.js:1	false	concerto_core::model_manager	P2-08+P4-08	logic	1295
src/basemodelmanager.ts	BaseModelManager	getModelFile	method	3	1.5	TS	trivial accessor or filter over lazily built views: the state it reads was computed by Rust at load; a crossing costs more than it saves. Stays TS by maintainer decision (accordproject/concerto-rust#276, 2026-09-28) (a map read)	W:introspect/assetdeclaration.js,introspect/field.js,introspect/property.js,introspect/property_ex.js,+2 B:modelmanager.js,decoratormanager.js,introspect/modelfile.js,+8	-	n=47 modelmanager.js:14,introspect/modelfile.js:9,decoratormanager.js:6,+12files	false	-	P2-08+P4-08	glue	1329
src/basemodelmanager.ts	BaseModelManager	getModelFileByFileName	method	11	11	RUST		B:modelmanager.js	-	n=1 modelmanager.js:1	false	concerto_core::model_manager	P2-08+P4-08	logic	1340
src/basemodelmanager.ts	BaseModelManager	getNamespaces	method	16	16	RUST		B:decoratormanager.js,modelmanager.js	-	n=5 modelmanager.js:3,decoratormanager.js:2	false	concerto_core::model_manager	P2-08+P4-08	logic	1356
src/basemodelmanager.ts	BaseModelManager	getType	method	21	31.5	RUST		W:introspect/assetdeclaration.js,introspect/relationshipdeclaration.js,introspect/scalars.js,modelutil.js,+1 B:serializer/resourcevalidator.js,introspect/classdeclaration.js,decoratormanager.js,+23	-	n=335 serializer/jsonpopulator.js:62,serializer/jsongenerator.js:33,serializer/resourcevalidator.js:29,+29files	false	concerto_core::model_manager	P2-08+P4-08	validation	1380
src/basemodelmanager.ts	BaseModelManager	getAssetDeclarations	method	5	2.5	TS	forward/orchestration over members counted elsewhere: the logic is in the callee(s) it calls, which is where any Rust work is counted; this body makes no engine call. Stays TS by maintainer decision (accordproject/concerto-rust#276, 2026-09-28)	B:introspect/assetdeclaration.js,modelmanager.js	-	n=3 modelmanager.js:1,models/farm2fork.js:1,models/test.js:1	false	-	P2-08+P4-08	glue	1406
src/basemodelmanager.ts	BaseModelManager	getTransactionDeclarations	method	5	2.5	TS	forward/orchestration over members counted elsewhere: the logic is in the callee(s) it calls, which is where any Rust work is counted; this body makes no engine call. Stays TS by maintainer decision (accordproject/concerto-rust#276, 2026-09-28)	B:modelmanager.js	-	n=3 modelmanager.js:1,models/farm2fork.js:1,models/test.js:1	false	-	P2-08+P4-08	glue	1416
src/basemodelmanager.ts	BaseModelManager	getEventDeclarations	method	5	2.5	TS	forward/orchestration over members counted elsewhere: the logic is in the callee(s) it calls, which is where any Rust work is counted; this body makes no engine call. Stays TS by maintainer decision (accordproject/concerto-rust#276, 2026-09-28)	B:introspect/modelfile.js,modelmanager.js	-	n=3 introspect/modelfile.js:2,modelmanager.js:1	false	-	P2-08+P4-08	glue	1426
src/basemodelmanager.ts	BaseModelManager	getParticipantDeclarations	method	5	2.5	TS	forward/orchestration over members counted elsewhere: the logic is in the callee(s) it calls, which is where any Rust work is counted; this body makes no engine call. Stays TS by maintainer decision (accordproject/concerto-rust#276, 2026-09-28)	B:introspect/participantdeclaration.js,modelmanager.js	-	n=2 introspect/participantdeclaration.js:1,modelmanager.js:1	false	-	P2-08+P4-08	glue	1436
src/basemodelmanager.ts	BaseModelManager	getMapDeclarations	method	5	2.5	TS	forward/orchestration over members counted elsewhere: the logic is in the callee(s) it calls, which is where any Rust work is counted; this body makes no engine call. Stays TS by maintainer decision (accordproject/concerto-rust#276, 2026-09-28)	B:modelmanager.js	-	n=1 modelmanager.js:1	false	-	P2-08+P4-08	glue	1446
src/basemodelmanager.ts	BaseModelManager	getEnumDeclarations	method	5	2.5	TS	forward/orchestration over members counted elsewhere: the logic is in the callee(s) it calls, which is where any Rust work is counted; this body makes no engine call. Stays TS by maintainer decision (accordproject/concerto-rust#276, 2026-09-28)	B:introspect/modelfile.js,modelmanager.js	-	n=2 introspect/modelfile.js:1,modelmanager.js:1	false	-	P2-08+P4-08	glue	1456
src/basemodelmanager.ts	BaseModelManager	getConceptDeclarations	method	5	2.5	TS	forward/orchestration over members counted elsewhere: the logic is in the callee(s) it calls, which is where any Rust work is counted; this body makes no engine call. Stays TS by maintainer decision (accordproject/concerto-rust#276, 2026-09-28)	B:modelmanager.js	-	n=2 modelmanager.js:1,models/model.js:1	false	-	P2-08+P4-08	glue	1466
src/basemodelmanager.ts	BaseModelManager	getFactory	method	3	1.5	TS	returns a TS-owned object (Factory/Serializer/JS DecoratorFactory list) that has no Rust counterpart	B:model/resource.js,modelloader.js,modelmanager.js	-	n=4 model/resource.js:2,modelloader.js:1,modelmanager.js:1	false	-	-	glue	1476
src/basemodelmanager.ts	BaseModelManager	getSerializer	method	3	1.5	TS	returns a TS-owned object (Factory/Serializer/JS DecoratorFactory list) that has no Rust counterpart	B:modelloader.js,modelmanager.js	-	n=2 modelloader.js:1,modelmanager.js:1	false	-	-	glue	1484
src/basemodelmanager.ts	BaseModelManager	validateInstance	method	3	4.5	PARTIAL	no engine call: a straight-line read of view state (a snapshot field, the wrapped AST node or a child view), a fixed-data builder or a forward to other members; PORTING 1.5 snapshot design allows it on a view, but the member itself runs no Rust (accordproject/concerto-rust#261)	-	-	-	false	concerto_core::model_manager	P2-08+P4-08	validation	1501
src/basemodelmanager.ts	BaseModelManager	validateInstanceOrThrow	method	3	4.5	PARTIAL	no engine call: a straight-line read of view state (a snapshot field, the wrapped AST node or a child view), a fixed-data builder or a forward to other members; PORTING 1.5 snapshot design allows it on a view, but the member itself runs no Rust (accordproject/concerto-rust#261)	-	-	-	false	concerto_core::model_manager	P2-08+P4-08	validation	1515
src/basemodelmanager.ts	BaseModelManager	getDecoratorFactories	method	3	1.5	TS	returns a TS-owned object (Factory/Serializer/JS DecoratorFactory list) that has no Rust counterpart	B:modelmanager.js	-	n=2 modelmanager.js:2	false	-	-	glue	1523
src/basemodelmanager.ts	BaseModelManager	addDecoratorFactory	method	3	1.5	TS	registers a user JS DecoratorFactory; factories are JS callbacks invoked while decorators are materialised	B:introspect/decorators.js,modelmanager.js	-	n=2 introspect/decorators.js:1,modelmanager.js:1	false	-	-	glue	1531
src/basemodelmanager.ts	BaseModelManager	derivesFrom	method	9	9	RUST		B:modelmanager.js	-	n=6 modelmanager.js:6	false	concerto_core::model_manager	P2-08+P4-08	logic	1542
src/basemodelmanager.ts	BaseModelManager	getAssignableConcreteTypes	method	11	11	TS	forward/orchestration over members counted elsewhere: the logic is in the callee(s) it calls, which is where any Rust work is counted; this body makes no engine call. Stays TS by maintainer decision (accordproject/concerto-rust#276, 2026-09-28) (getType, the RUST getAssignableClassDeclarations and an isAbstract filter)	B:modelmanager.js	-	n=3 modelmanager.js:3	false	-	P2-08+P4-08	logic	1558
src/basemodelmanager.ts	BaseModelManager	isAssignableTo	method	12	12	RUST		W:serializer/resourcevalidator.js B:modelutil.js,modelmanager.js	-	n=11 modelutil.js:6,modelmanager.js:5	false	concerto_core::model_manager	P2-08+P4-08	logic	1576
src/basemodelmanager.ts	BaseModelManager	resolveMetaModel	method	4	2	TS	JS-side helper: calls concerto-metamodel's resolveLocalNames (a JS package) over getAst. Stays TS by maintainer decision (accordproject/concerto-rust#276, 2026-09-28)	B:introspect/metamodel.js,introspect/classdeclaration.js,introspect/decorator.js,+2	-	n=29 introspect/property.js:14,introspect/classdeclaration.js:8,introspect/metamodel.js:3,+2files	false	-	P2-08+P4-08	glue	1594
src/basemodelmanager.ts	BaseModelManager	fromAst	method	12	12	TS	forward/orchestration over members counted elsewhere: the logic is in the callee(s) it calls, which is where any Rust work is counted; this body makes no engine call. Stays TS by maintainer decision (accordproject/concerto-rust#276, 2026-09-28) (orchestrates the RUST addModelFile and validateModelFiles)	-	-	-	false	-	P2-08+P4-08	logic	1605
src/basemodelmanager.ts	BaseModelManager	getAst	method	15	15	TS	returns the caller's own AST objects (JS object identity preserved); `resolve` goes to concerto-metamodel's resolveLocalNames, a JS package. Stays TS by maintainer decision (accordproject/concerto-rust#276, 2026-09-28)	B:introspect/metamodel.js,decoratormanager.js,introspect/modelfile.js,+4	n=2 introspect/classdeclaration.js:1,introspect/modelfile.js:1	n=47 introspect/property.js:14,introspect/metamodel.js:10,introspect/classdeclaration.js:8,+4files	false	-	P2-08+P4-08	logic	1624
src/basemodelmanager.ts	BaseModelManager	fork	method	64	64	RUST		-	-	-	false	concerto_core::model_manager	P2-08+P4-08	logic	1659
src/basemodelmanager.ts	BaseModelManager	filter	method	25	25	TS	takes a JS predicate callback over Declaration views; Rust does the AST copy and import pruning; this member only runs the JS predicate and forwards to ModelFile.filter, where the Rust work is counted. Stays TS by maintainer decision (accordproject/concerto-rust#276, 2026-09-28)	B:introspect/modelfile.js,modelmanager.js,decoratormanager.js,+2	-	n=16 introspect/modelfile.js:9,modelmanager.js:3,models/test.js:2,+2files	false	-	P2-08+P4-08	logic	1748
src/datetimeutil.ts		isStrictDateTime	function	7	7	TS	dates stay in dayjs (plan section 3, D7); returns dayjs objects	-	-	-	false	-	-	logic	30
src/datetimeutil.ts		setCurrentTime	function	17	17	TS	dates stay in dayjs (plan section 3, D7); returns dayjs objects	B:datetimeutil.js	-	n=6 datetimeutil.js:6	false	-	-	logic	53
src/dcsconverter.ts		handleTarget	function	10	10	TS	YAML (de)serialisation via the `yaml` npm lib (failsafe schema, exact text output); pure data reshaping that only feeds it, no model semantics	-	-	-	false	-	-	logic	25
src/dcsconverter.ts		handleArguments	function	21	21	TS	YAML (de)serialisation via the `yaml` npm lib (failsafe schema, exact text output); pure data reshaping that only feeds it, no model semantics	-	-	-	false	-	-	logic	47
src/dcsconverter.ts		handleDecorator	function	7	7	TS	YAML (de)serialisation via the `yaml` npm lib (failsafe schema, exact text output); pure data reshaping that only feeds it, no model semantics	-	-	-	false	-	-	logic	77
src/dcsconverter.ts		handleCommands	function	7	7	TS	YAML (de)serialisation via the `yaml` npm lib (failsafe schema, exact text output); pure data reshaping that only feeds it, no model semantics	-	-	-	false	-	-	logic	95
src/dcsconverter.ts		jsonToYaml	function	11	11	TS	YAML (de)serialisation via the `yaml` npm lib (failsafe schema, exact text output); pure data reshaping that only feeds it, no model semantics	B:dcsconverter.js,decoratormanager.js	-	n=6 dcsconverter.js:4,decoratormanager.js:2	false	-	-	logic	108
src/dcsconverter.ts		restoreArguments	function	34	34	TS	YAML (de)serialisation via the `yaml` npm lib (failsafe schema, exact text output); pure data reshaping that only feeds it, no model semantics	-	-	-	false	-	-	logic	132
src/dcsconverter.ts		restoreDecorator	function	7	7	TS	YAML (de)serialisation via the `yaml` npm lib (failsafe schema, exact text output); pure data reshaping that only feeds it, no model semantics	-	-	-	false	-	-	logic	173
src/dcsconverter.ts		restoreCommands	function	11	11	TS	YAML (de)serialisation via the `yaml` npm lib (failsafe schema, exact text output); pure data reshaping that only feeds it, no model semantics	-	-	-	false	-	-	logic	189
src/dcsconverter.ts		yamlToJson	function	12	12	TS	YAML (de)serialisation via the `yaml` npm lib (failsafe schema, exact text output); pure data reshaping that only feeds it, no model semantics	B:dcsconverter.js,decoratormanager.js	-	n=6 dcsconverter.js:4,decoratormanager.js:2	false	-	-	logic	207
src/decoratormanager.ts		applyDecorator	function	26	26	TS	TS 5.0.0's DecoratorManager.applyDecorator, the helper of executePropertyCommand: an in-place UPSERT or APPEND on the caller's AST (P5-117 R2E-2)	-	-	-	false	-	P4-09	logic	40
src/decoratormanager.ts		checkForDuplicateDecorators	function	11	16.5	TS	TS 5.0.0's DecoratorManager.checkForDuplicateDecorators, the helper of executePropertyCommand's APPEND (P5-117 R2E-2)	-	-	-	false	-	P4-09	validation	72
src/decoratormanager.ts		intersect	function	6	6	TS	TS 5.0.0's string-array intersection, the helper of falsyOrEqual (P5-116 R2E-1)	-	-	-	false	-	P4-09	logic	155
src/decoratormanager.ts		assignDeep	function	16	16	TS	merges the result of the RUST decoratorManagerMigrateTo into the caller's object in place, to preserve JS object identity (a JS-only concern). Stays TS by maintainer decision (accordproject/concerto-rust#276, 2026-09-28)	-	-	-	false	-	P4-09	logic	175
src/decoratormanager.ts	DecoratorManager	validate	static	18	27	HYBRID	the DCS model is CTO text compiled by concerto-cto in JS (via addCTOModel); the command-set instance validation itself is Rust (Serializer fast path / validateCommand)	B:decoratormanager.js	-	n=4 decoratormanager.js:4	false	concerto_core::dcs	P4-09	validation	212
src/decoratormanager.ts	DecoratorManager	migrateTo	static	7	7	RUST		B:decoratormanager.js	-	n=1 decoratormanager.js:1	false	concerto_core::dcs	P4-09	logic	237
src/decoratormanager.ts	DecoratorManager	canMigrate	static	9	9	TS	JS-side helper: a semver comparison of the command set's namespace version. Stays TS by maintainer decision (accordproject/concerto-rust#276, 2026-09-28)	-	-	-	false	-	P4-09	logic	252
src/decoratormanager.ts	DecoratorManager	decorateModels	static	30	30	PARTIAL	no engine call: the TS body (branches, loops or throw sites) still runs and decides the result and any exception; not yet converted to a delegation. Planned task kept; porting it is follow-up after P5-10 (accordproject/concerto-rust#261)	B:decoratormanager.js	-	n=40 decoratormanager.js:40	false	concerto_core::dcs	P4-09	logic	278
src/decoratormanager.ts	DecoratorManager	extractDecorators	static	8	8	PARTIAL	no engine call: a straight-line read of view state (a snapshot field, the wrapped AST node or a child view), a fixed-data builder or a forward to other members; PORTING 1.5 snapshot design allows it on a view, but the member itself runs no Rust (accordproject/concerto-rust#261)	B:decoratormanager.js	-	n=5 decoratormanager.js:5	false	concerto_core::dcs	P4-09	logic	323
src/decoratormanager.ts	DecoratorManager	extractVocabularies	static	8	8	PARTIAL	no engine call: a straight-line read of view state (a snapshot field, the wrapped AST node or a child view), a fixed-data builder or a forward to other members; PORTING 1.5 snapshot design allows it on a view, but the member itself runs no Rust (accordproject/concerto-rust#261)	B:decoratormanager.js	-	n=15 decoratormanager.js:15	false	concerto_core::dcs	P4-09	logic	339
src/decoratormanager.ts	DecoratorManager	extractNonVocabDecorators	static	8	8	PARTIAL	no engine call: a straight-line read of view state (a snapshot field, the wrapped AST node or a child view), a fixed-data builder or a forward to other members; PORTING 1.5 snapshot design allows it on a view, but the member itself runs no Rust (accordproject/concerto-rust#261)	B:decoratormanager.js	-	n=1 decoratormanager.js:1	false	concerto_core::dcs	P4-09	logic	355
src/decoratormanager.ts	DecoratorManager	falsyOrEqual	static	7	7	TS	TS 5.0.0's body restored for parity (substring match on a string values, TypeError on undefined values): pure work over data TS holds, so no engine crossing (P5-116 R2E-1)	B:decoratormanager.js	-	n=5 decoratormanager.js:5	false	-	P4-09	logic	371
src/decoratormanager.ts	DecoratorManager	executePropertyCommand	static	12	12	TS	TS 5.0.0's body restored for parity: it changes the caller's property AST in place (only its decorators array, pushing the command's own decorator object); pure work over data TS holds, so no engine crossing (P5-117 R2E-2)	B:decoratormanager.js	-	n=2 decoratormanager.js:2	false	-	P4-09	logic	386
src/decoratormanager.ts	DecoratorManager	isNamespaceTargetEnabled	static	3	1.5	TS	constant-return member (type/kind marker or fixed default, body is `return <literal>`); stays as-is on the TS class, nothing to port	-	-	-	false	-	-	glue	403
src/decoratormanager.ts	DecoratorManager	jsonToYaml	static	4	2	TS	YAML (de)serialisation via the `yaml` npm lib (failsafe schema, exact text output); pure data reshaping that only feeds it, no model semantics (forwards to dcsconverter; P5-11: no engine call of its own)	B:decoratormanager.js	-	n=2 decoratormanager.js:2	false	-	P4-09	glue	413
src/decoratormanager.ts	DecoratorManager	yamlToJson	static	5	2.5	TS	YAML (de)serialisation via the `yaml` npm lib (failsafe schema, exact text output); pure data reshaping that only feeds it, no model semantics (forwards to dcsconverter; P5-11: no engine call of its own)	B:decoratormanager.js	-	n=2 decoratormanager.js:2	false	-	P4-09	glue	424
src/decoratormodelhelper.ts		getDecoratorModel	function	12	12	TS	fixed-data builder: returns or adds a fixed system model/field definition (rootmodel.json/decoratormodel.json are duplicated in concerto-rust src/); no model logic to port. Stays TS by maintainer decision (accordproject/concerto-rust#276, 2026-09-28)	-	-	-	false	-	P2-08+P4-08	logic	21
src/engine/ast-codec.ts		omitted	function	4	2	TS	binary AST writer for the staging binding (P5-92): writes a ModelFile's AST, as JSON.stringify would read it, in the engine's compact layout, and leaves an AST it cannot carry to the text path; pure transcoding, no model logic	-	-	-	false	-	-	glue	43
src/engine/ast-codec.ts		writeValue	function	59	59	TS	binary AST writer for the staging binding (P5-92): writes a ModelFile's AST, as JSON.stringify would read it, in the engine's compact layout, and leaves an AST it cannot carry to the text path; pure transcoding, no model logic	-	-	-	false	-	-	logic	49
src/engine/ast-codec.ts		encodeAst	function	19	19	TS	binary AST writer for the staging binding (P5-92): writes a ModelFile's AST, as JSON.stringify would read it, in the engine's compact layout, and leaves an AST it cannot carry to the text path; pure transcoding, no model logic	-	-	-	false	-	-	logic	114
src/engine/ast-codec.ts		encodeAstCount	function	3	1.5	TS	binary AST writer for the staging binding (P5-92): writes a ModelFile's AST, as JSON.stringify would read it, in the engine's compact layout, and leaves an AST it cannot carry to the text path; pure transcoding, no model logic	-	-	-	false	-	-	glue	135
src/engine/errors.ts		setInternalFlag	function	3	1.5	TS	JS error-class mapping for engine results: builds the TS exception (IllegalModelException/TypeNotFoundException/ValidationException/MetamodelException/Error/TypeError) for an engine error payload {kind, code, params, message, location}; Rust decides the kind and renders the message, this only picks the constructor	-	-	-	false	-	-	glue	66
src/engine/errors.ts		makeError	function	16	16	TS	JS error-class mapping for engine results: builds the TS exception (IllegalModelException/TypeNotFoundException/ValidationException/MetamodelException/Error/TypeError) for an engine error payload {kind, code, params, message, location}; Rust decides the kind and renders the message, this only picks the constructor	-	-	-	false	-	-	logic	106
src/engine/handles.ts		releaseHandle	function	7	7	TS	engine handle release bookkeeping (releaseHandle, withEngineCallbacks; P5-97); no model logic	-	-	-	false	-	-	logic	30
src/engine/handles.ts		freeQuietly	function	7	7	TS	engine handle release bookkeeping (releaseHandle, withEngineCallbacks; P5-97); no model logic	-	-	-	false	-	-	logic	39
src/engine/handles.ts		withEngineCallbacks	function	13	13	TS	engine handle release bookkeeping (releaseHandle, withEngineCallbacks; P5-97); no model logic	-	-	-	false	-	-	logic	48
src/engine/index.ts		selectEngine	function	3	1.5	TS	engine loader entry point: requires rust.ts and re-exports the loaded engine; no model logic	-	-	-	false	-	-	glue	29
src/engine/rust.ts		loadRustEngine	function	7	7	TS	loads the @accordproject/concerto-engine WASM module and registers its host callback (the error factory; P5-103 removed semver.parse's); no model logic	-	-	-	false	-	-	logic	31
src/engine/serializer-codec.ts		checkString	function	5	7.5	TS	JSON wire codec for the Serializer fast path: encodes/decodes JS runtime values (numbers, Maps, dayjs, typed Resource/ValidatedResource/Relationship instances) to and from the plain-JSON shape the engine call can carry, and rejects shapes it cannot (cycles, lone surrogates, `__proto__`) so the caller falls back to the TS visitor path; pure wire-format transcoding, no validation or population logic of its own	-	-	-	false	-	-	validation	37
src/engine/serializer-codec.ts		checkKey	function	6	9	TS	JSON wire codec for the Serializer fast path: encodes/decodes JS runtime values (numbers, Maps, dayjs, typed Resource/ValidatedResource/Relationship instances) to and from the plain-JSON shape the engine call can carry, and rejects shapes it cannot (cycles, lone surrogates, `__proto__`) so the caller falls back to the TS visitor path; pure wire-format transcoding, no validation or population logic of its own	-	-	-	false	-	-	validation	47
src/engine/serializer-codec.ts		encodeTyped	function	12	12	TS	JSON wire codec for the Serializer fast path: encodes/decodes JS runtime values (numbers, Maps, dayjs, typed Resource/ValidatedResource/Relationship instances) to and from the plain-JSON shape the engine call can carry, and rejects shapes it cannot (cycles, lone surrogates, `__proto__`) so the caller falls back to the TS visitor path; pure wire-format transcoding, no validation or population logic of its own	-	-	-	false	-	-	logic	58
src/engine/serializer-codec.ts		visit	function	6	6	TS	JSON wire codec for the Serializer fast path: encodes/decodes JS runtime values (numbers, Maps, dayjs, typed Resource/ValidatedResource/Relationship instances) to and from the plain-JSON shape the engine call can carry, and rejects shapes it cannot (cycles, lone surrogates, `__proto__`) so the caller falls back to the TS visitor path; pure wire-format transcoding, no validation or population logic of its own	W:model/identifiable.js B:serializer/jsonpopulator.js,serializer/instancegenerator.js,serializer/jsongenerator.js,+1	-	n=10 serializer/jsonpopulator.js:7,serializer/instancegenerator.js:1,serializer/jsongenerator.js:1,+1files	false	-	-	logic	76
src/engine/serializer-codec.ts		encodeValue	function	56	56	TS	JSON wire codec for the Serializer fast path: encodes/decodes JS runtime values (numbers, Maps, dayjs, typed Resource/ValidatedResource/Relationship instances) to and from the plain-JSON shape the engine call can carry, and rejects shapes it cannot (cycles, lone surrogates, `__proto__`) so the caller falls back to the TS visitor path; pure wire-format transcoding, no validation or population logic of its own	-	-	-	false	-	-	logic	84
src/engine/serializer-codec.ts		encodeBytes	function	18	18	TS	JSON wire codec for the Serializer fast path: encodes/decodes JS runtime values (numbers, Maps, dayjs, typed Resource/ValidatedResource/Relationship instances) to and from the plain-JSON shape the engine call can carry, and rejects shapes it cannot (cycles, lone surrogates, `__proto__`) so the caller falls back to the TS visitor path; pure wire-format transcoding, no validation or population logic of its own	-	-	-	false	-	-	logic	159
src/engine/serializer-codec.ts		writeTagHead	function	6	6	TS	JSON wire codec for the Serializer fast path: encodes/decodes JS runtime values (numbers, Maps, dayjs, typed Resource/ValidatedResource/Relationship instances) to and from the plain-JSON shape the engine call can carry, and rejects shapes it cannot (cycles, lone surrogates, `__proto__`) so the caller falls back to the TS visitor path; pure wire-format transcoding, no validation or population logic of its own	-	-	-	false	-	-	logic	179
src/engine/serializer-codec.ts		writeNumber	function	6	6	TS	JSON wire codec for the Serializer fast path: encodes/decodes JS runtime values (numbers, Maps, dayjs, typed Resource/ValidatedResource/Relationship instances) to and from the plain-JSON shape the engine call can carry, and rejects shapes it cannot (cycles, lone surrogates, `__proto__`) so the caller falls back to the TS visitor path; pure wire-format transcoding, no validation or population logic of its own	-	-	-	false	-	-	logic	187
src/engine/serializer-codec.ts		writeWireValue	function	101	101	TS	JSON wire codec for the Serializer fast path: encodes/decodes JS runtime values (numbers, Maps, dayjs, typed Resource/ValidatedResource/Relationship instances) to and from the plain-JSON shape the engine call can carry, and rejects shapes it cannot (cycles, lone surrogates, `__proto__`) so the caller falls back to the TS visitor path; pure wire-format transcoding, no validation or population logic of its own	-	-	-	false	-	-	logic	195
src/engine/serializer-codec.ts		writeEntries	function	19	19	TS	JSON wire codec for the Serializer fast path: encodes/decodes JS runtime values (numbers, Maps, dayjs, typed Resource/ValidatedResource/Relationship instances) to and from the plain-JSON shape the engine call can carry, and rejects shapes it cannot (cycles, lone surrogates, `__proto__`) so the caller falls back to the TS visitor path; pure wire-format transcoding, no validation or population logic of its own	-	-	-	false	-	-	logic	298
src/engine/serializer-codec.ts		modelClasses	function	15	15	TS	JSON wire codec for the Serializer fast path: encodes/decodes JS runtime values (numbers, Maps, dayjs, typed Resource/ValidatedResource/Relationship instances) to and from the plain-JSON shape the engine call can carry, and rejects shapes it cannot (cycles, lone surrogates, `__proto__`) so the caller falls back to the TS visitor path; pure wire-format transcoding, no validation or population logic of its own	-	-	-	false	-	-	logic	324
src/engine/serializer-codec.ts		typedCtorName	function	14	14	TS	JSON wire codec for the Serializer fast path: encodes/decodes JS runtime values (numbers, Maps, dayjs, typed Resource/ValidatedResource/Relationship instances) to and from the plain-JSON shape the engine call can carry, and rejects shapes it cannot (cycles, lone surrogates, `__proto__`) so the caller falls back to the TS visitor path; pure wire-format transcoding, no validation or population logic of its own	-	-	-	false	-	-	logic	345
src/engine/serializer-codec.ts		newTypeCache	function	3	1.5	TS	JSON wire codec for the Serializer fast path: encodes/decodes JS runtime values (numbers, Maps, dayjs, typed Resource/ValidatedResource/Relationship instances) to and from the plain-JSON shape the engine call can carry, and rejects shapes it cannot (cycles, lone surrogates, `__proto__`) so the caller falls back to the TS visitor path; pure wire-format transcoding, no validation or population logic of its own	-	-	-	false	-	-	glue	378
src/engine/serializer-codec.ts		constructCached	function	20	20	TS	JSON wire codec for the Serializer fast path: encodes/decodes JS runtime values (numbers, Maps, dayjs, typed Resource/ValidatedResource/Relationship instances) to and from the plain-JSON shape the engine call can carry, and rejects shapes it cannot (cycles, lone surrogates, `__proto__`) so the caller falls back to the TS visitor path; pure wire-format transcoding, no validation or population logic of its own	-	-	-	false	-	-	logic	386
src/engine/serializer-codec.ts		materializeTyped	function	18	18	TS	JSON wire codec for the Serializer fast path: encodes/decodes JS runtime values (numbers, Maps, dayjs, typed Resource/ValidatedResource/Relationship instances) to and from the plain-JSON shape the engine call can carry, and rejects shapes it cannot (cycles, lone surrogates, `__proto__`) so the caller falls back to the TS visitor path; pure wire-format transcoding, no validation or population logic of its own	-	-	-	false	-	-	logic	412
src/engine/serializer-codec.ts		materializeCompact	function	10	10	TS	JSON wire codec for the Serializer fast path: encodes/decodes JS runtime values (numbers, Maps, dayjs, typed Resource/ValidatedResource/Relationship instances) to and from the plain-JSON shape the engine call can carry, and rejects shapes it cannot (cycles, lone surrogates, `__proto__`) so the caller falls back to the TS visitor path; pure wire-format transcoding, no validation or population logic of its own	-	-	-	false	-	-	logic	435
src/engine/serializer-codec.ts		newInstance	function	29	29	TS	JSON wire codec for the Serializer fast path: encodes/decodes JS runtime values (numbers, Maps, dayjs, typed Resource/ValidatedResource/Relationship instances) to and from the plain-JSON shape the engine call can carry, and rejects shapes it cannot (cycles, lone surrogates, `__proto__`) so the caller falls back to the TS visitor path; pure wire-format transcoding, no validation or population logic of its own	-	-	-	false	-	-	logic	447
src/engine/serializer-codec.ts		setField	function	7	7	TS	JSON wire codec for the Serializer fast path: encodes/decodes JS runtime values (numbers, Maps, dayjs, typed Resource/ValidatedResource/Relationship instances) to and from the plain-JSON shape the engine call can carry, and rejects shapes it cannot (cycles, lone surrogates, `__proto__`) so the caller falls back to the TS visitor path; pure wire-format transcoding, no validation or population logic of its own	-	-	-	false	-	-	logic	478
src/engine/serializer-codec.ts		decodeParsed	function	33	33	TS	JSON wire codec for the Serializer fast path: encodes/decodes JS runtime values (numbers, Maps, dayjs, typed Resource/ValidatedResource/Relationship instances) to and from the plain-JSON shape the engine call can carry, and rejects shapes it cannot (cycles, lone surrogates, `__proto__`) so the caller falls back to the TS visitor path; pure wire-format transcoding, no validation or population logic of its own	-	-	-	false	-	-	logic	490
src/engine/serializer-codec.ts		decodeParsedMap	function	8	8	TS	JSON wire codec for the Serializer fast path: encodes/decodes JS runtime values (numbers, Maps, dayjs, typed Resource/ValidatedResource/Relationship instances) to and from the plain-JSON shape the engine call can carry, and rejects shapes it cannot (cycles, lone surrogates, `__proto__`) so the caller falls back to the TS visitor path; pure wire-format transcoding, no validation or population logic of its own	-	-	-	false	-	-	logic	525
src/engine/serializer-codec.ts		decodeTagged	function	29	29	TS	JSON wire codec for the Serializer fast path: encodes/decodes JS runtime values (numbers, Maps, dayjs, typed Resource/ValidatedResource/Relationship instances) to and from the plain-JSON shape the engine call can carry, and rejects shapes it cannot (cycles, lone surrogates, `__proto__`) so the caller falls back to the TS visitor path; pure wire-format transcoding, no validation or population logic of its own	-	-	-	false	-	-	logic	535
src/engine/serializer.ts		handleFor	function	3	1.5	TS	engine shim (P4-02/P5-02): plumbing that loads or calls the Rust engine, not ported TS model logic; the model behaviour itself runs in Rust. Classified at the P5-64 re-audit (accordproject/concerto-rust#401) (a one-line forward to cachedHandleFor; no engine call)	-	-	-	false	-	P4-10	glue	41
src/engine/serializer.ts		cachedHandleFor	function	25	25	TS	engine shim (P4-02/P5-02): plumbing that loads or calls the Rust engine, not ported TS model logic; the model behaviour itself runs in Rust. Classified at the P5-64 re-audit (accordproject/concerto-rust#401) (P5-16/P5-34: the per-manager cache of the existing rustHandle and its TypeCache; reads rustHandle and the _mirrorPending flag, no engine call)	-	-	-	false	-	P4-10	logic	46
src/engine/serializer.ts		asUnsupported	function	9	9	TS	engine shim (P4-02/P5-02): plumbing that loads or calls the Rust engine, not ported TS model logic; the model behaviour itself runs in Rust (P5-11: reclassified from HYBRID; it makes no engine call of its own) (maps a codec wire error to EngineFastPathUnsupported)	-	-	-	false	-	P4-10	logic	76
src/engine/serializer.ts		optionsText	function	21	21	TS	engine shim (P4-02/P5-02): plumbing that loads or calls the Rust engine, not ported TS model logic; the model behaviour itself runs in Rust. Classified at the P5-64 re-audit (accordproject/concerto-rust#401) (P5-16: encodes the serializer options once per options object for the fast-path call; no engine call of its own)	-	-	-	false	-	P4-10	logic	99
src/engine/serializer.ts		fastFromJson	function	16	16	HYBRID	JSON envelope building, the ModelManagerHandle cache and the fallback decision stay JS; the actual population (fromJSON) and generation (toJSON) logic runs in Rust via one serializerFromJson/serializerToJson call per document (the P4-10 fast path)	-	-	-	false	-	P4-10	logic	122
src/engine/serializer.ts		fastToJson	function	16	16	HYBRID	JSON envelope building, the ModelManagerHandle cache and the fallback decision stay JS; the actual population (fromJSON) and generation (toJSON) logic runs in Rust via one serializerFromJson/serializerToJson call per document (the P4-10 fast path)	-	-	-	false	-	P4-10	logic	140
src/engine/serializer.ts		validateMetaModel	function	7	10.5	HYBRID	JSON envelope building, the ModelManagerHandle cache and the fallback decision stay JS; the actual population (fromJSON) and generation (toJSON) logic runs in Rust via one serializerFromJson/serializerToJson call per document (the P4-10 fast path)	B:introspect/metamodel.js	-	n=7 introspect/metamodel.js:7	false	-	P4-10	validation	162
src/engine/util.ts		isDayjsLike	function	7	7	TS	engine shim helpers: the EngineFastPathUnsupported fallback signal, the dayjs and typed-value duck checks, the lone-surrogate test; no model logic	-	-	-	false	-	-	logic	28
src/engine/util.ts		isTypedLike	function	6	6	TS	engine shim helpers: the EngineFastPathUnsupported fallback signal, the dayjs and typed-value duck checks, the lone-surrogate test; no model logic	-	-	-	false	-	-	logic	37
src/engine/util.ts		hasLoneSurrogate	function	3	1.5	TS	engine shim helpers: the EngineFastPathUnsupported fallback signal, the dayjs and typed-value duck checks, the lone-surrogate test; no model logic	-	-	-	false	-	-	glue	50
src/engine/validate-instance.ts		fromJsonOptions	function	11	11	TS	validateInstance's shim (P5-89, accordproject/concerto#1239): encodes the document and options for one engine call, routes a document the engine cannot read through Serializer.fromJSON, and applies includeActual/redactMessages to the engine's diagnostics; the validation itself runs in Rust	-	-	-	false	-	-	logic	45
src/engine/validate-instance.ts		documentOf	function	17	17	TS	validateInstance's shim (P5-89, accordproject/concerto#1239): encodes the document and options for one engine call, routes a document the engine cannot read through Serializer.fromJSON, and applies includeActual/redactMessages to the engine's diagnostics; the validation itself runs in Rust	-	-	-	false	-	-	logic	64
src/engine/validate-instance.ts		mergedText	function	7	7	TS	validateInstance's shim (P5-89, accordproject/concerto#1239): encodes the document and options for one engine call, routes a document the engine cannot read through Serializer.fromJSON, and applies includeActual/redactMessages to the engine's diagnostics; the validation itself runs in Rust	-	-	-	false	-	-	logic	88
src/engine/validate-instance.ts		engineCall	function	14	14	TS	validateInstance's shim (P5-89, accordproject/concerto#1239): encodes the document and options for one engine call, routes a document the engine cannot read through Serializer.fromJSON, and applies includeActual/redactMessages to the engine's diagnostics; the validation itself runs in Rust	-	-	-	false	-	-	logic	103
src/engine/validate-instance.ts		routedDiagnostics	function	20	20	TS	validateInstance's shim (P5-89, accordproject/concerto#1239): encodes the document and options for one engine call, routes a document the engine cannot read through Serializer.fromJSON, and applies includeActual/redactMessages to the engine's diagnostics; the validation itself runs in Rust	-	-	-	false	-	-	logic	122
src/engine/validate-instance.ts		routed	function	33	33	TS	validateInstance's shim (P5-89, accordproject/concerto#1239): encodes the document and options for one engine call, routes a document the engine cannot read through Serializer.fromJSON, and applies includeActual/redactMessages to the engine's diagnostics; the validation itself runs in Rust	-	-	-	false	-	-	logic	147
src/engine/validate-instance.ts		valueAt	function	14	14	TS	validateInstance's shim (P5-89, accordproject/concerto#1239): encodes the document and options for one engine call, routes a document the engine cannot read through Serializer.fromJSON, and applies includeActual/redactMessages to the engine's diagnostics; the validation itself runs in Rust	-	-	-	false	-	-	logic	182
src/engine/validate-instance.ts		redactedMessage	function	4	2	TS	validateInstance's shim (P5-89, accordproject/concerto#1239): encodes the document and options for one engine call, routes a document the engine cannot read through Serializer.fromJSON, and applies includeActual/redactMessages to the engine's diagnostics; the validation itself runs in Rust	-	-	-	false	-	-	glue	198
src/engine/validate-instance.ts		finish	function	14	14	TS	validateInstance's shim (P5-89, accordproject/concerto#1239): encodes the document and options for one engine call, routes a document the engine cannot read through Serializer.fromJSON, and applies includeActual/redactMessages to the engine's diagnostics; the validation itself runs in Rust	-	-	-	false	-	-	logic	204
src/engine/validate-instance.ts		withDetails	function	6	6	TS	validateInstance's shim (P5-89, accordproject/concerto#1239): encodes the document and options for one engine call, routes a document the engine cannot read through Serializer.fromJSON, and applies includeActual/redactMessages to the engine's diagnostics; the validation itself runs in Rust	-	-	-	false	-	-	logic	220
src/engine/validate-instance.ts		withClass	function	6	6	TS	validateInstance's shim (P5-89, accordproject/concerto#1239): encodes the document and options for one engine call, routes a document the engine cannot read through Serializer.fromJSON, and applies includeActual/redactMessages to the engine's diagnostics; the validation itself runs in Rust	-	-	-	false	-	-	logic	228
src/engine/validate-instance.ts		validateInstance	function	32	48	HYBRID	one engine validateInstance call per document: the diagnostics come back from Rust, which validates; TS builds the result object and the lazily hydrated resource	-	-	-	false	-	-	validation	236
src/engine/validate-instance.ts		validateInstanceOrThrow	function	36	54	HYBRID	one engine validateInstance call per document in throw mode, or Serializer.fromJSON for a document of its own type; the validation itself runs in Rust	-	-	-	false	-	-	validation	270
src/engine/validate-resource.ts		dayjsIso	function	3	1.5	TS	binary wire codec for one-call instance validation (P5-12c): writes a live JS value (numbers, strings, Maps, dayjs, typed Resource/ValidatedResource/Relationship instances) in the validator's value shape, and rejects shapes it cannot carry so the caller falls back to the TS visitor; pure transcoding, no validation logic of its own	-	-	-	false	-	-	glue	59
src/engine/validate-resource.ts		visit	function	6	6	TS	binary wire codec for one-call instance validation (P5-12c): writes a live JS value (numbers, strings, Maps, dayjs, typed Resource/ValidatedResource/Relationship instances) in the validator's value shape, and rejects shapes it cannot carry so the caller falls back to the TS visitor; pure transcoding, no validation logic of its own	W:model/identifiable.js B:serializer/jsonpopulator.js,serializer/instancegenerator.js,serializer/jsongenerator.js,+1	-	n=10 serializer/jsonpopulator.js:7,serializer/instancegenerator.js:1,serializer/jsongenerator.js:1,+1files	false	-	-	logic	64
src/engine/validate-resource.ts		writeValue	function	82	82	TS	binary wire codec for one-call instance validation (P5-12c): writes a live JS value (numbers, strings, Maps, dayjs, typed Resource/ValidatedResource/Relationship instances) in the validator's value shape, and rejects shapes it cannot carry so the caller falls back to the TS visitor; pure transcoding, no validation logic of its own	-	-	-	false	-	-	logic	75
src/engine/validate-resource.ts		writeTyped	function	55	55	TS	binary wire codec for one-call instance validation (P5-12c): writes a live JS value (numbers, strings, Maps, dayjs, typed Resource/ValidatedResource/Relationship instances) in the validator's value shape, and rejects shapes it cannot carry so the caller falls back to the TS visitor; pure transcoding, no validation logic of its own	-	-	-	false	-	-	logic	162
src/engine/validate-resource.ts		modelIdentifierField	function	6	6	TS	binary wire codec for one-call instance validation (P5-12c): writes a live JS value (numbers, strings, Maps, dayjs, typed Resource/ValidatedResource/Relationship instances) in the validator's value shape, and rejects shapes it cannot carry so the caller falls back to the TS visitor; pure transcoding, no validation logic of its own	-	-	-	false	-	-	logic	219
src/engine/validate-resource.ts		flagsOf	function	10	10	TS	binary wire codec for one-call instance validation (P5-12c): writes a live JS value (numbers, strings, Maps, dayjs, typed Resource/ValidatedResource/Relationship instances) in the validator's value shape, and rejects shapes it cannot carry so the caller falls back to the TS visitor; pure transcoding, no validation logic of its own	-	-	-	false	-	-	logic	227
src/engine/validate-resource.ts		outcome	function	13	19.5	TS	engine shim (P4-02/P5-02): plumbing that loads or calls the Rust engine, not ported TS model logic; the model behaviour itself runs in Rust (maps a result code to the exception the error factory builds, or to the visitor fallback)	-	-	-	false	-	-	validation	239
src/engine/validate-resource.ts		validateResource	function	36	54	HYBRID	one validateResourceBinary call per ValidatedResource.validate(): the result code maps to the TS exception class, or to the visitor fallback; the validation itself runs in Rust	-	-	-	false	-	-	validation	258
src/engine/validate-resource.ts		visitorIsCheaper	function	12	12	TS	routing decision (P5-12c): a string, number or boolean set on a plain primitive field with no validator stays on the ResourceValidator visitor, which is cheaper there than an engine call; reads the field's shape only, no validation logic of its own	-	-	-	false	-	-	logic	300
src/engine/validate-resource.ts		validateProperty	function	60	90	HYBRID	one validatePropertyBinary call per ValidatedResource.setPropertyValue/addArrayValue: the result code maps to the TS exception class, or to the visitor fallback; the validation itself runs in Rust	-	-	-	false	-	-	validation	319
src/engine/validate-resource.ts		propertySlot	function	20	20	TS	binary wire codec for one-call instance validation (P5-12c): writes a live JS value (numbers, strings, Maps, dayjs, typed Resource/ValidatedResource/Relationship instances) in the validator's value shape, and rejects shapes it cannot carry so the caller falls back to the TS visitor; pure transcoding, no validation logic of its own	-	-	-	false	-	-	logic	387
src/engine/validate-resource.ts		dropSlots	function	3	1.5	TS	binary wire codec for one-call instance validation (P5-12c): writes a live JS value (numbers, strings, Maps, dayjs, typed Resource/ValidatedResource/Relationship instances) in the validator's value shape, and rejects shapes it cannot carry so the caller falls back to the TS visitor; pure transcoding, no validation logic of its own	-	-	-	false	-	-	glue	409
src/engine/views-batch.ts		beginModelFile	function	14	14	HYBRID	per-declaration/property Rust-call result materialisation: calls the Rust engine to compute the value (a ScalarDeclaration's type/validator/default, and similar snapshots), then assigns the returned fields onto the TS view object so its existing getters read them unchanged; the computation itself is Rust	-	-	-	false	-	P4-06+P4-07	logic	77
src/engine/views-batch.ts		computeBatch	function	75	75	TS	engine shim (P4-02/P5-02): plumbing that loads or calls the Rust engine, not ported TS model logic; the model behaviour itself runs in Rust (lazy views: reads a file's one-call Rust view snapshot into per-node lookups)	-	-	-	false	-	P5-10b	logic	93
src/engine/views-batch.ts		heldViewSnapshot	function	20	20	HYBRID	per-declaration/property Rust-call result materialisation: calls the Rust engine to compute the value (a ScalarDeclaration's type/validator/default, and similar snapshots), then assigns the returned fields onto the TS view object so its existing getters read them unchanged; the computation itself is Rust	-	-	-	false	-	P4-06+P4-07	logic	173
src/engine/views-batch.ts		endModelFile	function	3	1.5	TS	engine shim (P4-02/P5-02): plumbing that loads or calls the Rust engine, not ported TS model logic; the model behaviour itself runs in Rust (P5-11: reclassified from HYBRID; it makes no engine call of its own) (restores the previous snapshot batch)	-	-	-	false	-	P4-06+P4-07	glue	195
src/engine/views-batch.ts		withBatch	function	9	9	TS	engine shim (P4-02/P5-02): plumbing that loads or calls the Rust engine, not ported TS model logic; the model behaviour itself runs in Rust (lazy views: runs a deferred build with its file's snapshots)	-	-	-	false	-	P5-10b	logic	200
src/engine/views-batch.ts		currentBatch	function	3	1.5	TS	engine shim (P4-02/P5-02): plumbing that loads or calls the Rust engine, not ported TS model logic; the model behaviour itself runs in Rust (lazy views: the current snapshots, whichever file's, for the construction views; P5-117)	-	-	-	false	-	P5-10b	glue	211
src/engine/views-batch.ts		batchOf	function	3	1.5	TS	engine shim (P4-02/P5-02): plumbing that loads or calls the Rust engine, not ported TS model logic; the model behaviour itself runs in Rust (lazy views: the current snapshots of a file)	-	-	-	false	-	P5-10b	glue	216
src/engine/views-construct.ts		scalarDeclarationProcess	function	29	29	HYBRID	per-declaration/property Rust-call result materialisation: calls the Rust engine to compute the value (a ScalarDeclaration's type/validator/default, and similar snapshots), then assigns the returned fields onto the TS view object so its existing getters read them unchanged; the computation itself is Rust	-	-	-	false	-	P4-06+P4-07	logic	29
src/engine/views-construct.ts		declarationEntry	function	18	18	TS	engine shim (P4-02/P5-02): plumbing that loads or calls the Rust engine, not ported TS model logic; the model behaviour itself runs in Rust (P5-11: reclassified from HYBRID; it makes no engine call of its own) (finds the precomputed Rust snapshot entry of a declaration view)	-	-	-	false	-	P4-06+P4-07	logic	64
src/engine/views-construct.ts		declarationIsValidIdentifier	function	9	9	HYBRID	per-declaration/property Rust-call result materialisation: calls the Rust engine to compute the value (a ScalarDeclaration's type/validator/default, and similar snapshots), then assigns the returned fields onto the TS view object so its existing getters read them unchanged; the computation itself is Rust	-	-	-	false	-	P4-06+P4-07	logic	84
src/engine/views-construct.ts		declarationFullyQualifiedName	function	8	8	HYBRID	per-declaration/property Rust-call result materialisation: calls the Rust engine to compute the value (a ScalarDeclaration's type/validator/default, and similar snapshots), then assigns the returned fields onto the TS view object so its existing getters read them unchanged; the computation itself is Rust	-	-	-	false	-	P4-06+P4-07	logic	95
src/engine/views-construct.ts		classDeclarationProcess	function	7	7	HYBRID	per-declaration/property Rust-call result materialisation: calls the Rust engine to compute the value (a ScalarDeclaration's type/validator/default, and similar snapshots), then assigns the returned fields onto the TS view object so its existing getters read them unchanged; the computation itself is Rust	-	-	-	false	-	P4-06+P4-07	logic	108
src/engine/views-construct.ts		sameType	function	3	1.5	TS	engine shim (P4-02/P5-02): plumbing that loads or calls the Rust engine, not ported TS model logic; the model behaviour itself runs in Rust (P5-11: reclassified from HYBRID; it makes no engine call of its own) (compares a view's AST super type with the one its snapshot entry was computed with)	-	-	-	false	-	P4-06+P4-07	glue	117
src/engine/views-construct.ts		propertyProcess	function	28	28	HYBRID	per-declaration/property Rust-call result materialisation: calls the Rust engine to compute the value (a ScalarDeclaration's type/validator/default, and similar snapshots), then assigns the returned fields onto the TS view object so its existing getters read them unchanged; the computation itself is Rust	-	-	-	false	-	P4-06+P4-07	logic	126
src/engine/views-construct.ts		fieldProcess	function	29	29	HYBRID	per-declaration/property Rust-call result materialisation: calls the Rust engine to compute the value (a ScalarDeclaration's type/validator/default, and similar snapshots), then assigns the returned fields onto the TS view object so its existing getters read them unchanged; the computation itself is Rust	-	-	-	false	-	P4-06+P4-07	logic	156
src/engine/views-construct.ts		fieldGetScalarField	function	7	7	HYBRID	per-declaration/property Rust-call result materialisation: calls the Rust engine to compute the value (a ScalarDeclaration's type/validator/default, and similar snapshots), then assigns the returned fields onto the TS view object so its existing getters read them unchanged; the computation itself is Rust	-	-	-	false	-	P4-06+P4-07	logic	190
src/engine/views-dcs.ts		decoratorManagerValidate	function	3	1.5	HYBRID	DecoratorManager.validate's Rust call: dcsValidate on the validation manager's handle (P5-55; P5-103 removed the stateless binding it fell back on). Classified at the P5-64 re-audit (accordproject/concerto-rust#401)	-	-	-	false	-	P4-06+P4-07	glue	26
src/engine/views-dcs.ts		decorateResultTrusted	function	3	1.5	HYBRID	per-declaration/property Rust-call result materialisation: calls the Rust engine to compute the value (a ScalarDeclaration's type/validator/default, and similar snapshots), then assigns the returned fields onto the TS view object so its existing getters read them unchanged; the computation itself is Rust	-	-	-	false	-	P4-06+P4-07	glue	34
src/engine/views-dcs.ts		decoratorManagerDecorateModels	function	29	29	HYBRID	per-declaration/property Rust-call result materialisation: calls the Rust engine to compute the value (a ScalarDeclaration's type/validator/default, and similar snapshots), then assigns the returned fields onto the TS view object so its existing getters read them unchanged; the computation itself is Rust	-	-	-	false	-	P4-06+P4-07	logic	43
src/engine/views-dcs.ts		restoreUndefinedDecorators	function	19	19	TS	engine shim (P4-02/P5-02): plumbing that loads or calls the Rust engine, not ported TS model logic; the model behaviour itself runs in Rust (P5-11: reclassified from HYBRID; it makes no engine call of its own) (restores `decorators: undefined` on the Rust extract result so the JS object shape matches the input)	-	-	-	false	-	P4-06+P4-07	logic	78
src/engine/views-dcs.ts		restoreAllUndefinedDecorators	function	10	10	TS	engine shim (P4-02/P5-02): plumbing that loads or calls the Rust engine, not ported TS model logic; the model behaviour itself runs in Rust. Classified at the P5-64 re-audit (accordproject/concerto-rust#401) (restoreUndefinedDecorators over every model of an extract result)	-	-	-	false	-	P4-06+P4-07	logic	99
src/engine/views-dcs.ts		decoratorManagerExtract	function	7	7	HYBRID	per-declaration/property Rust-call result materialisation: calls the Rust engine to compute the value (a ScalarDeclaration's type/validator/default, and similar snapshots), then assigns the returned fields onto the TS view object so its existing getters read them unchanged; the computation itself is Rust	-	-	-	false	-	P4-06+P4-07	logic	115
src/engine/views-dcs.ts		decoratorManagerExtractOnSource	function	15	15	HYBRID	DecoratorManager.extract* on the source manager's rustHandle (P5-55): one Rust call extracts into a fresh result manager; JS restores `decorators: undefined` and adopts the staged files. Classified at the P5-64 re-audit (accordproject/concerto-rust#401)	-	-	-	false	-	P4-06+P4-07	logic	134
src/engine/views-dcs.ts		decoratorManagerExtractStaged	function	19	19	HYBRID	DecoratorManager.extract* on a DcsManagerHandle built for the call (P5-27): one Rust call extracts into a fresh result manager; JS restores `decorators: undefined` and adopts the staged files. Classified at the P5-64 re-audit (accordproject/concerto-rust#401)	-	-	-	false	-	P4-06+P4-07	logic	151
src/engine/views-dcs.ts		decoratorManagerExtractDecorators	function	8	8	HYBRID	per-declaration/property Rust-call result materialisation: calls the Rust engine to compute the value (a ScalarDeclaration's type/validator/default, and similar snapshots), then assigns the returned fields onto the TS view object so its existing getters read them unchanged; the computation itself is Rust	-	-	-	false	-	P4-06+P4-07	logic	172
src/engine/views-dcs.ts		decoratorManagerExtractVocabularies	function	7	7	HYBRID	per-declaration/property Rust-call result materialisation: calls the Rust engine to compute the value (a ScalarDeclaration's type/validator/default, and similar snapshots), then assigns the returned fields onto the TS view object so its existing getters read them unchanged; the computation itself is Rust	-	-	-	false	-	P4-06+P4-07	logic	182
src/engine/views-dcs.ts		decoratorManagerExtractNonVocabDecorators	function	7	7	HYBRID	per-declaration/property Rust-call result materialisation: calls the Rust engine to compute the value (a ScalarDeclaration's type/validator/default, and similar snapshots), then assigns the returned fields onto the TS view object so its existing getters read them unchanged; the computation itself is Rust	-	-	-	false	-	P4-06+P4-07	logic	191
src/engine/views-dcs.ts		dcsCacheable	function	9	9	TS	engine shim (P4-02/P5-02): plumbing that loads or calls the Rust engine, not ported TS model logic; the model behaviour itself runs in Rust. Classified at the P5-64 re-audit (accordproject/concerto-rust#401) (P5-55: whether a DCS operation may run on the manager's own rustHandle; P5-103 removed the resident DCS handle it also decided)	-	-	-	false	-	P4-06+P4-07	logic	210
src/engine/views-dcs.ts		dcsSourceShapeChecked	function	9	9	HYBRID	per-declaration/property Rust-call result materialisation: calls the Rust engine to compute the value (a ScalarDeclaration's type/validator/default, and similar snapshots), then assigns the returned fields onto the TS view object so its existing getters read them unchanged; the computation itself is Rust	-	-	-	false	-	P4-06+P4-07	logic	225
src/engine/views-dcs.ts		dcsCommandsShapeChecked	function	36	36	HYBRID	per-declaration/property Rust-call result materialisation: calls the Rust engine to compute the value (a ScalarDeclaration's type/validator/default, and similar snapshots), then assigns the returned fields onto the TS view object so its existing getters read them unchanged; the computation itself is Rust	-	-	-	false	-	P4-06+P4-07	logic	241
src/engine/views-dcs.ts		sourceDcsHandle	function	6	6	TS	engine shim (P4-02/P5-02): plumbing that loads or calls the Rust engine, not ported TS model logic; the model behaviour itself runs in Rust. Classified at the P5-64 re-audit (accordproject/concerto-rust#401) (P5-55: the source manager's rustHandle when it can run a DCS operation itself)	-	-	-	false	-	P4-06+P4-07	logic	282
src/engine/views-dcs.ts		dcsManagerFor	function	4	2	TS	engine shim (P4-02/P5-02): plumbing that loads or calls the Rust engine, not ported TS model logic; the model behaviour itself runs in Rust. Classified at the P5-64 re-audit (accordproject/concerto-rust#401) (P5-27: a DcsManagerHandle built for one operation, for a manager its own rustHandle cannot stand for; P5-103 removed the resident cache)	-	-	-	false	-	P4-06+P4-07	glue	293
src/engine/views-lazy.ts		installedLazyViewsCheck	function	3	1.5	TS	engine shim (P4-02/P5-02): plumbing that loads or calls the Rust engine, not ported TS model logic; the model behaviour itself runs in Rust (the fuzz harness's hook, read by the staging module; P5-117)	-	-	-	false	-	P5-10b	glue	39
src/engine/views-lazy.ts		installLazyViewsCheck	function	3	1.5	HYBRID	per-declaration/property Rust-call result materialisation: calls the Rust engine to compute the value (a ScalarDeclaration's type/validator/default, and similar snapshots), then assigns the returned fields onto the TS view object so its existing getters read them unchanged; the computation itself is Rust	-	-	-	false	-	P4-06+P4-07	glue	45
src/engine/views-lazy.ts		materialise	function	29	29	TS	engine shim (P4-02/P5-02): plumbing that loads or calls the Rust engine, not ported TS model logic; the model behaviour itself runs in Rust (lazy views: builds a file's declaration views on first read through the ledgered view constructors, and caches them)	-	-	-	false	-	P5-10a	logic	53
src/engine/views-lazy.ts		buildModelFileDeclarations	function	4	2	TS	engine shim (P4-02/P5-02): plumbing that loads or calls the Rust engine, not ported TS model logic; the model behaviour itself runs in Rust (lazy views: the pending builder of a lazily built ModelFile's declarations, shared by every file; runs materialise)	-	-	-	false	-	P5-100	glue	87
src/engine/views-lazy.ts		buildModelFileLocalTypes	function	4	2	TS	engine shim (P4-02/P5-02): plumbing that loads or calls the Rust engine, not ported TS model logic; the model behaviour itself runs in Rust (lazy views: the pending builder of a lazily built ModelFile's localTypes, shared by every file; runs materialise)	-	-	-	false	-	P5-100	glue	96
src/engine/views-lazy.ts		deferModelFileFields	function	4	2	TS	engine shim (P4-02/P5-02): plumbing that loads or calls the Rust engine, not ported TS model logic; the model behaviour itself runs in Rust (lazy views: defers a ModelFile's declarations and localTypes through the ModelFile.prototype accessors and their pending builders)	-	-	-	false	-	P5-100	glue	102
src/engine/views-lazy.ts		deferDeclarations	function	5	2.5	TS	engine shim (P4-02/P5-02): plumbing that loads or calls the Rust engine, not ported TS model logic; the model behaviour itself runs in Rust (lazy views: defers a file's declaration views; the migration check mode builds them at once)	-	-	-	false	-	P5-10a	glue	108
src/engine/views-lazy.ts		declarationIndex	function	20	20	TS	engine shim (P4-02/P5-02): plumbing that loads or calls the Rust engine, not ported TS model logic; the model behaviour itself runs in Rust (lazy views: indexes a file's declarations by their localTypes key)	-	-	-	false	-	P5-10b	logic	125
src/engine/views-lazy.ts		localType	function	38	38	TS	engine shim (P4-02/P5-02): plumbing that loads or calls the Rust engine, not ported TS model logic; the model behaviour itself runs in Rust (lazy views: getLocalType for a lazily built file builds only the declaration view asked for)	-	-	-	false	-	P5-10b	logic	151
src/engine/views-lazy.ts		builtDeclaration	function	4	2	TS	engine shim (P4-02/P5-02): plumbing that loads or calls the Rust engine, not ported TS model logic; the model behaviour itself runs in Rust (lazy views: the identity map from a declaration index to the view already built)	-	-	-	false	-	P5-10b	glue	191
src/engine/views-lazy.ts		defineOwn	function	3	1.5	TS	engine shim (P4-02/P5-02): plumbing that loads or calls the Rust engine, not ported TS model logic; the model behaviour itself runs in Rust (lazy views: stores a built part as a plain own field)	-	-	-	false	-	P5-10b	glue	206
src/engine/views-lazy.ts		installLazyField	function	41	41	TS	engine shim (P4-02/P5-02): plumbing that loads or calls the Rust engine, not ported TS model logic; the model behaviour itself runs in Rust (lazy views: the prototype accessor over a deferred part)	-	-	-	false	-	P5-10b	logic	215
src/engine/views-lazy.ts		deferField	function	10	10	TS	engine shim (P4-02/P5-02): plumbing that loads or calls the Rust engine, not ported TS model logic; the model behaviour itself runs in Rust (lazy views: defers a part to its first read)	-	-	-	false	-	P5-10b	logic	258
src/engine/views-lazy.ts		decoratorFromSnapshot	function	11	11	TS	engine shim (P4-02/P5-02): plumbing that loads or calls the Rust engine, not ported TS model logic; the model behaviour itself runs in Rust (lazy views: rebuilds a Decorator from its Rust decoratorProcess snapshot)	-	-	-	false	-	P5-10b	logic	270
src/engine/views-lazy.ts		buildDecorators	function	17	17	TS	engine shim (P4-02/P5-02): plumbing that loads or calls the Rust engine, not ported TS model logic; the model behaviour itself runs in Rust (lazy views: Decorated.process's decorator loop on first read; no decorator factory applies in a lazily built file)	-	-	-	false	-	P5-10b	logic	283
src/engine/views-lazy.ts		deferDecorators	function	25	25	TS	engine shim (P4-02/P5-02): plumbing that loads or calls the Rust engine, not ported TS model logic; the model behaviour itself runs in Rust (lazy views: defers an element's decorators when building them cannot throw)	-	-	-	false	-	P5-10b	logic	305
src/engine/views-lazy.ts		decoratorFactories	function	6	6	TS	engine shim (P4-02/P5-02): plumbing that loads or calls the Rust engine, not ported TS model logic; the model behaviour itself runs in Rust (lazy views: no decorator factory applies while a lazily built file's views are built; factories keep the eager path)	-	-	-	false	-	P5-10a	logic	332
src/engine/views-lazy.ts		inLazyFile	function	4	2	TS	engine shim (P4-02/P5-02): plumbing that loads or calls the Rust engine, not ported TS model logic; the model behaviour itself runs in Rust (lazy views: whether an element belongs to a lazily built file)	-	-	-	false	-	P5-10b	glue	340
src/engine/views-lazy.ts		numberValidatorFromSnapshot	function	9	9	TS	engine shim (P4-02/P5-02): plumbing that loads or calls the Rust engine, not ported TS model logic; the model behaviour itself runs in Rust (rebuilds a NumberValidator from its Rust snapshot)	-	-	-	false	-	P5-10b	logic	346
src/engine/views-lazy.ts		stringValidatorFromSnapshot	function	10	10	TS	engine shim (P4-02/P5-02): plumbing that loads or calls the Rust engine, not ported TS model logic; the model behaviour itself runs in Rust (rebuilds a StringValidator from its Rust stringValidatorNew snapshot)	-	-	-	false	-	P5-10b	logic	357
src/engine/views-lazy.ts		sizeValidatorFromSnapshot	function	9	9	TS	engine shim (P4-02/P5-02): plumbing that loads or calls the Rust engine, not ported TS model logic; the model behaviour itself runs in Rust (rebuilds a CollectionSizeValidator from its Rust collectionSizeValidatorNew snapshot)	-	-	-	false	-	P5-10b	logic	369
src/engine/views-lazy.ts		mapDeclarationProcess	function	12	12	HYBRID	per-declaration/property Rust-call result materialisation: calls the Rust engine to compute the value (a ScalarDeclaration's type/validator/default, and similar snapshots), then assigns the returned fields onto the TS view object so its existing getters read them unchanged; the computation itself is Rust	-	-	-	false	-	P4-06+P4-07	logic	384
src/engine/views-lazy.ts		mapKeyTypeProcess	function	4	2	HYBRID	per-declaration/property Rust-call result materialisation: calls the Rust engine to compute the value (a ScalarDeclaration's type/validator/default, and similar snapshots), then assigns the returned fields onto the TS view object so its existing getters read them unchanged; the computation itself is Rust	-	-	-	false	-	P4-06+P4-07	glue	398
src/engine/views-lazy.ts		mapValueTypeProcess	function	4	2	HYBRID	per-declaration/property Rust-call result materialisation: calls the Rust engine to compute the value (a ScalarDeclaration's type/validator/default, and similar snapshots), then assigns the returned fields onto the TS view object so its existing getters read them unchanged; the computation itself is Rust	-	-	-	false	-	P4-06+P4-07	glue	404
src/engine/views-lazy.ts		buildDeferredParts	function	21	21	TS	engine shim (P4-02/P5-02): plumbing that loads or calls the Rust engine, not ported TS model logic; the model behaviour itself runs in Rust (lazy views: the migration check mode builds every deferred part at once)	-	-	-	false	-	P5-10b	logic	411
src/engine/views-lookups.ts		engineStateOf	function	3	1.5	HYBRID	per-declaration/property Rust-call result materialisation: calls the Rust engine to compute the value (a ScalarDeclaration's type/validator/default, and similar snapshots), then assigns the returned fields onto the TS view object so its existing getters read them unchanged; the computation itself is Rust	-	-	-	false	-	P4-06+P4-07	glue	31
src/engine/views-lookups.ts		lookupCacheable	function	3	1.5	TS	engine shim (P4-02/P5-02): plumbing that loads or calls the Rust engine, not ported TS model logic; the model behaviour itself runs in Rust (property lookup cache: only views of engine-built files of a real ModelManager)	-	-	-	false	-	P5-14	glue	64
src/engine/views-lookups.ts		lookupValid	function	15	15	TS	engine shim (P4-02/P5-02): plumbing that loads or calls the Rust engine, not ported TS model logic; the model behaviour itself runs in Rust (property lookup cache: whether an entry still holds)	-	-	-	false	-	P5-14	logic	69
src/engine/views-lookups.ts		validLookup	function	11	11	TS	engine shim (P4-02/P5-02): plumbing that loads or calls the Rust engine, not ported TS model logic; the model behaviour itself runs in Rust (property lookup cache: a view's entry, if it still holds)	-	-	-	false	-	P5-14	logic	86
src/engine/views-lookups.ts		newLookup	function	27	27	TS	engine shim (P4-02/P5-02): plumbing that loads or calls the Rust engine, not ported TS model logic; the model behaviour itself runs in Rust (property lookup cache: builds an entry from the binding's answer)	-	-	-	false	-	P5-14	logic	103
src/engine/views-lookups.ts		classDeclarationGetProperties	function	6	6	HYBRID	engine shim (P4-02/P5-02): plumbing that loads or calls the Rust engine, not ported TS model logic; the model behaviour itself runs in Rust (property lookup cache: a copy of the cached list, else the Rust classDeclarationGetProperties binding, whose answer it caches)	-	-	-	false	-	P4-06+P4-07	logic	132
src/engine/views-lookups.ts		propertiesOf	function	30	30	HYBRID	engine shim (P4-02/P5-02): plumbing that loads or calls the Rust engine, not ported TS model logic; the model behaviour itself runs in Rust (property lookup cache: the cached list, else the Rust classDeclarationGetProperties binding, recording the super type's call)	-	-	-	false	-	P4-06+P4-07	logic	140
src/engine/views-lookups.ts		classDeclarationGetProperty	function	30	30	HYBRID	engine shim (P4-02/P5-02): plumbing that loads or calls the Rust engine, not ported TS model logic; the model behaviour itself runs in Rust (property lookup cache: a name lookup over the cached list, else the Rust classDeclarationGetProperty binding)	-	-	-	false	-	P4-06+P4-07	logic	175
src/engine/views-lookups.ts		identifierLevel	function	15	15	TS	engine shim (P4-02/P5-02): plumbing that loads or calls the Rust engine, not ported TS model logic; the model behaviour itself runs in Rust. Classified at the P5-64 re-audit (accordproject/concerto-rust#401) (P5-19 identifier memo: records one level of the walk the Rust binding reported)	-	-	-	false	-	P5-19	logic	235
src/engine/views-lookups.ts		identifierValid	function	11	11	TS	engine shim (P4-02/P5-02): plumbing that loads or calls the Rust engine, not ported TS model logic; the model behaviour itself runs in Rust. Classified at the P5-64 re-audit (accordproject/concerto-rust#401) (P5-19 identifier memo: whether an entry still holds)	-	-	-	false	-	P5-19	logic	252
src/engine/views-lookups.ts		classDeclarationGetIdentifierFieldName	function	24	24	HYBRID	engine shim (P4-02/P5-02): plumbing that loads or calls the Rust engine, not ported TS model logic; the model behaviour itself runs in Rust (P5-19 identifier memo: the cached answer, else the Rust classDeclarationGetIdentifierFieldNameWalk binding, whose answer it caches). Classified at the P5-64 re-audit (accordproject/concerto-rust#401)	-	-	-	false	-	P4-06+P4-07	logic	265
src/engine/views-lookups.ts		modelFileArenaRef	function	7	7	HYBRID	per-declaration/property Rust-call result materialisation: calls the Rust engine to compute the value (a ScalarDeclaration's type/validator/default, and similar snapshots), then assigns the returned fields onto the TS view object so its existing getters read them unchanged; the computation itself is Rust	-	-	-	false	-	P4-06+P4-07	logic	317
src/engine/views-lookups.ts		cachedArenaRef	function	10	10	HYBRID	per-declaration/property Rust-call result materialisation: calls the Rust engine to compute the value (a ScalarDeclaration's type/validator/default, and similar snapshots), then assigns the returned fields onto the TS view object so its existing getters read them unchanged; the computation itself is Rust	-	-	-	false	-	P4-06+P4-07	logic	326
src/engine/views-lookups.ts		declarationArenaRef	function	11	11	HYBRID	per-declaration/property Rust-call result materialisation: calls the Rust engine to compute the value (a ScalarDeclaration's type/validator/default, and similar snapshots), then assigns the returned fields onto the TS view object so its existing getters read them unchanged; the computation itself is Rust	-	-	-	false	-	P4-06+P4-07	logic	338
src/engine/views-lookups.ts		notInArena	function	3	1.5	HYBRID	per-declaration/property Rust-call result materialisation: calls the Rust engine to compute the value (a ScalarDeclaration's type/validator/default, and similar snapshots), then assigns the returned fields onto the TS view object so its existing getters read them unchanged; the computation itself is Rust	-	-	-	false	-	P4-06+P4-07	glue	351
src/engine/views-lookups.ts		declarationViews	function	3	1.5	HYBRID	per-declaration/property Rust-call result materialisation: calls the Rust engine to compute the value (a ScalarDeclaration's type/validator/default, and similar snapshots), then assigns the returned fields onto the TS view object so its existing getters read them unchanged; the computation itself is Rust	-	-	-	false	-	P4-06+P4-07	glue	356
src/engine/views-modules.ts		numberValidatorModule	function	3	1.5	TS	engine shim (P4-02/P5-02): plumbing that loads or calls the Rust engine, not ported TS model logic; the model behaviour itself runs in Rust (P5-11: reclassified from HYBRID; it makes no engine call of its own) (requires introspect/numbervalidator once)	-	-	-	false	-	P4-06+P4-07	glue	29
src/engine/views-modules.ts		stringValidatorModule	function	3	1.5	TS	engine shim (P4-02/P5-02): plumbing that loads or calls the Rust engine, not ported TS model logic; the model behaviour itself runs in Rust (P5-11: reclassified from HYBRID; it makes no engine call of its own) (requires introspect/stringvalidator once)	-	-	-	false	-	P4-06+P4-07	glue	33
src/engine/views-modules.ts		collectionSizeValidatorModule	function	3	1.5	TS	engine shim (P4-02/P5-02): plumbing that loads or calls the Rust engine, not ported TS model logic; the model behaviour itself runs in Rust (P5-11: reclassified from HYBRID; it makes no engine call of its own) (requires introspect/collectionsizevalidator once)	-	-	-	false	-	P4-06+P4-07	glue	37
src/engine/views-modules.ts		fieldModule	function	3	1.5	TS	engine shim (P4-02/P5-02): plumbing that loads or calls the Rust engine, not ported TS model logic; the model behaviour itself runs in Rust (P5-11: reclassified from HYBRID; it makes no engine call of its own) (requires introspect/field once)	-	-	-	false	-	P4-06+P4-07	glue	41
src/engine/views-modules.ts		modelFileModule	function	3	1.5	TS	engine shim (P4-02/P5-02): plumbing that loads or calls the Rust engine, not ported TS model logic; the model behaviour itself runs in Rust. Classified at the P5-64 re-audit (accordproject/concerto-rust#401) (requires introspect/modelfile once)	-	-	-	false	-	-	glue	47
src/engine/views-modules.ts		decoratorModule	function	3	1.5	TS	engine shim (P4-02/P5-02): plumbing that loads or calls the Rust engine, not ported TS model logic; the model behaviour itself runs in Rust (requires introspect/decorator once)	-	-	-	false	-	P5-10b	glue	54
src/engine/views-modules.ts		modelManagerModule	function	3	1.5	TS	engine shim (P4-02/P5-02): plumbing that loads or calls the Rust engine, not ported TS model logic; the model behaviour itself runs in Rust (requires the modelmanager module once; P5-117)	-	-	-	false	-	P5-10b	glue	62
src/engine/views-modules.ts		baseModelManagerModule	function	3	1.5	TS	engine shim (P4-02/P5-02): plumbing that loads or calls the Rust engine, not ported TS model logic; the model behaviour itself runs in Rust (requires the basemodelmanager module once; P5-117)	-	-	-	false	-	P5-10b	glue	67
src/engine/views-modules.ts		excludedNamespaces	function	3	1.5	TS	engine shim (P4-02/P5-02): plumbing that loads or calls the Rust engine, not ported TS model logic; the model behaviour itself runs in Rust (BaseModelManager's EXCLUDE_NS, the one list of the system namespaces; P5-117)	-	-	-	false	-	P5-10b	glue	75
src/engine/views-staging.ts		recordImportNames	function	6	6	TS	engine shim (P4-02/P5-02): plumbing that loads or calls the Rust engine, not ported TS model logic; the model behaviour itself runs in Rust. Classified at the P5-64 re-audit (accordproject/concerto-rust#401) (lazy views: records the import names Rust computed at staging)	-	-	-	false	-	P4-06+P4-07	logic	74
src/engine/views-staging.ts		recordedImportNames	function	9	9	TS	engine shim (P4-02/P5-02): plumbing that loads or calls the Rust engine, not ported TS model logic; the model behaviour itself runs in Rust. Classified at the P5-64 re-audit (accordproject/concerto-rust#401) (lazy views: reads the recorded import names)	-	-	-	false	-	P4-06+P4-07	logic	82
src/engine/views-staging.ts		markSystemModelAst	function	3	1.5	HYBRID	per-declaration/property Rust-call result materialisation: calls the Rust engine to compute the value (a ScalarDeclaration's type/validator/default, and similar snapshots), then assigns the returned fields onto the TS view object so its existing getters read them unchanged; the computation itself is Rust	-	-	-	false	-	P4-06+P4-07	glue	109
src/engine/views-staging.ts		shapeMemoised	function	3	1.5	HYBRID	per-declaration/property Rust-call result materialisation: calls the Rust engine to compute the value (a ScalarDeclaration's type/validator/default, and similar snapshots), then assigns the returned fields onto the TS view object so its existing getters read them unchanged; the computation itself is Rust	-	-	-	false	-	P4-06+P4-07	glue	114
src/engine/views-staging.ts		checkAstShape	function	28	42	HYBRID	P5-49 (BC-19): the AST shape check runs in Rust (rustHandle.checkAstShape); JS keeps the metamodelValidation opt-out and a per-namespace memo for files that are not mirrored. Classified at the P5-64 re-audit (accordproject/concerto-rust#401)	-	-	-	false	-	P4-06+P4-07	validation	134
src/engine/views-staging.ts		sameBytes	function	12	12	HYBRID	per-declaration/property Rust-call result materialisation: calls the Rust engine to compute the value (a ScalarDeclaration's type/validator/default, and similar snapshots), then assigns the returned fields onto the TS view object so its existing getters read them unchanged; the computation itself is Rust	-	-	-	false	-	P4-06+P4-07	logic	176
src/engine/views-staging.ts		stableAstText	function	17	17	HYBRID	per-declaration/property Rust-call result materialisation: calls the Rust engine to compute the value (a ScalarDeclaration's type/validator/default, and similar snapshots), then assigns the returned fields onto the TS view object so its existing getters read them unchanged; the computation itself is Rust	-	-	-	false	-	P4-06+P4-07	logic	193
src/engine/views-staging.ts		compactStageable	function	4	2	HYBRID	per-declaration/property Rust-call result materialisation: calls the Rust engine to compute the value (a ScalarDeclaration's type/validator/default, and similar snapshots), then assigns the returned fields onto the TS view object so its existing getters read them unchanged; the computation itself is Rust	-	-	-	false	-	P4-06+P4-07	glue	224
src/engine/views-staging.ts		hasDecoratorFactories	function	4	2	HYBRID	per-declaration/property Rust-call result materialisation: calls the Rust engine to compute the value (a ScalarDeclaration's type/validator/default, and similar snapshots), then assigns the returned fields onto the TS view object so its existing getters read them unchanged; the computation itself is Rust	-	-	-	false	-	P4-06+P4-07	glue	230
src/engine/views-staging.ts		compactBytes	function	3	1.5	HYBRID	per-declaration/property Rust-call result materialisation: calls the Rust engine to compute the value (a ScalarDeclaration's type/validator/default, and similar snapshots), then assigns the returned fields onto the TS view object so its existing getters read them unchanged; the computation itself is Rust	-	-	-	false	-	P4-06+P4-07	glue	236
src/engine/views-staging.ts		astText	function	6	6	HYBRID	per-declaration/property Rust-call result materialisation: calls the Rust engine to compute the value (a ScalarDeclaration's type/validator/default, and similar snapshots), then assigns the returned fields onto the TS view object so its existing getters read them unchanged; the computation itself is Rust	-	-	-	false	-	P4-06+P4-07	logic	241
src/engine/views-staging.ts		shapeCheckPassed	function	13	13	HYBRID	per-declaration/property Rust-call result materialisation: calls the Rust engine to compute the value (a ScalarDeclaration's type/validator/default, and similar snapshots), then assigns the returned fields onto the TS view object so its existing getters read them unchanged; the computation itself is Rust	-	-	-	false	-	P4-06+P4-07	logic	252
src/engine/views-staging.ts		systemModelVerdict	function	25	25	HYBRID	per-declaration/property Rust-call result materialisation: calls the Rust engine to compute the value (a ScalarDeclaration's type/validator/default, and similar snapshots), then assigns the returned fields onto the TS view object so its existing getters read them unchanged; the computation itself is Rust	-	-	-	false	-	P4-06+P4-07	logic	270
src/engine/views-staging.ts		completeShapeCheck	function	7	7	HYBRID	per-declaration/property Rust-call result materialisation: calls the Rust engine to compute the value (a ScalarDeclaration's type/validator/default, and similar snapshots), then assigns the returned fields onto the TS view object so its existing getters read them unchanged; the computation itself is Rust	-	-	-	false	-	P4-06+P4-07	logic	300
src/engine/views-staging.ts		stageModelFile	function	5	2.5	TS	engine shim (P4-02/P5-02): plumbing that loads or calls the Rust engine, not ported TS model logic; the model behaviour itself runs in Rust (lazy views: sends a ModelFile's AST to Rust once and keeps the loaded file staged; decides lazy vs eager)	-	-	-	false	-	P5-10a	glue	313
src/engine/views-staging.ts		stageSystemModelFile	function	24	24	HYBRID	per-declaration/property Rust-call result materialisation: calls the Rust engine to compute the value (a ScalarDeclaration's type/validator/default, and similar snapshots), then assigns the returned fields onto the TS view object so its existing getters read them unchanged; the computation itself is Rust	-	-	-	false	-	P4-06+P4-07	logic	326
src/engine/views-staging.ts		utf8Text	function	3	1.5	HYBRID	per-declaration/property Rust-call result materialisation: calls the Rust engine to compute the value (a ScalarDeclaration's type/validator/default, and similar snapshots), then assigns the returned fields onto the TS view object so its existing getters read them unchanged; the computation itself is Rust	-	-	-	false	-	P4-06+P4-07	glue	363
src/engine/views-staging.ts		stageLoadedModelFile	function	97	97	HYBRID	per-declaration/property Rust-call result materialisation: calls the Rust engine to compute the value (a ScalarDeclaration's type/validator/default, and similar snapshots), then assigns the returned fields onto the TS view object so its existing getters read them unchanged; the computation itself is Rust	-	-	-	false	-	P4-06+P4-07	logic	374
src/engine/views-staging.ts		adoptSharedView	function	21	21	HYBRID	per-declaration/property Rust-call result materialisation: calls the Rust engine to compute the value (a ScalarDeclaration's type/validator/default, and similar snapshots), then assigns the returned fields onto the TS view object so its existing getters read them unchanged; the computation itself is Rust	-	-	-	false	-	P4-06+P4-07	logic	478
src/engine/views-staging.ts		copyImportNames	function	6	6	HYBRID	per-declaration/property Rust-call result materialisation: calls the Rust engine to compute the value (a ScalarDeclaration's type/validator/default, and similar snapshots), then assigns the returned fields onto the TS view object so its existing getters read them unchanged; the computation itself is Rust	-	-	-	false	-	P4-06+P4-07	logic	501
src/engine/views-staging.ts		readUnchecked	function	5	2.5	TS	engine shim (P4-02/P5-02): plumbing that loads or calls the Rust engine, not ported TS model logic; the model behaviour itself runs in Rust. Classified at the P5-64 re-audit (accordproject/concerto-rust#401) (lazy views: reads a staged field without the check-mode comparison)	-	-	-	false	-	P4-06+P4-07	glue	512
src/engine/views-staging.ts		applyStagedFileHeader	function	46	46	TS	engine shim (P4-02/P5-02): plumbing that loads or calls the Rust engine, not ported TS model logic; the model behaviour itself runs in Rust. Classified at the P5-64 re-audit (accordproject/concerto-rust#401) (P5-28: applies the header Rust computed at staging to the ModelFile view)	-	-	-	false	-	P4-06+P4-07	logic	522
src/engine/views-staging.ts		takePrestaged	function	9	9	TS	engine shim (P4-02/P5-02): plumbing that loads or calls the Rust engine, not ported TS model logic; the model behaviour itself runs in Rust. Classified at the P5-64 re-audit (accordproject/concerto-rust#401) (P5-28: takes a stage made before the ModelFile view existed)	-	-	-	false	-	P4-06+P4-07	logic	583
src/engine/views-staging.ts		applyStagedHeaders	function	3	1.5	HYBRID	per-declaration/property Rust-call result materialisation: calls the Rust engine to compute the value (a ScalarDeclaration's type/validator/default, and similar snapshots), then assigns the returned fields onto the TS view object so its existing getters read them unchanged; the computation itself is Rust	-	-	-	false	-	P4-06+P4-07	glue	594
src/engine/views-staging.ts		adoptStagedModels	function	43	43	TS	engine shim (P4-02/P5-02): plumbing that loads or calls the Rust engine, not ported TS model logic; the model behaviour itself runs in Rust. Classified at the P5-64 re-audit (accordproject/concerto-rust#401) (P5-27: registers the model files Rust staged for a DCS result manager)	-	-	-	false	-	P4-06+P4-07	logic	606
src/engine/views-staging.ts		takeStage	function	4	2	TS	engine shim (P4-02/P5-02): plumbing that loads or calls the Rust engine, not ported TS model logic; the model behaviour itself runs in Rust (lazy views: stage bookkeeping)	-	-	-	false	-	P5-10a	glue	651
src/engine/views-staging.ts		takeStageOf	function	9	9	HYBRID	per-declaration/property Rust-call result materialisation: calls the Rust engine to compute the value (a ScalarDeclaration's type/validator/default, and similar snapshots), then assigns the returned fields onto the TS view object so its existing getters read them unchanged; the computation itself is Rust	-	-	-	false	-	P4-06+P4-07	logic	656
src/engine/views-staging.ts		commitStaged	function	13	13	TS	engine shim (P4-02/P5-02): plumbing that loads or calls the Rust engine, not ported TS model logic; the model behaviour itself runs in Rust (lazy views: registers the staged file in rustHandle)	-	-	-	false	-	P5-10a	logic	670
src/engine/views-staging.ts		commitStagedAll	function	31	31	HYBRID	per-declaration/property Rust-call result materialisation: calls the Rust engine to compute the value (a ScalarDeclaration's type/validator/default, and similar snapshots), then assigns the returned fields onto the TS view object so its existing getters read them unchanged; the computation itself is Rust	-	-	-	false	-	P4-06+P4-07	logic	692
src/engine/views-staging.ts		validateAndCommitStaged	function	22	33	TS	engine shim (P4-02/P5-02): plumbing that loads or calls the Rust engine, not ported TS model logic; the model behaviour itself runs in Rust. Classified at the P5-64 re-audit (accordproject/concerto-rust#401) (P5-28: validates and commits a staged file on its handle, mapping the error to the file)	-	-	-	false	-	P4-06+P4-07	validation	730
src/engine/views-staging.ts		dropStaged	function	6	6	TS	engine shim (P4-02/P5-02): plumbing that loads or calls the Rust engine, not ported TS model logic; the model behaviour itself runs in Rust (lazy views: drops a stage that will not be registered)	-	-	-	false	-	P5-10a	logic	754
src/engine/views-staging.ts		updateStaged	function	13	13	HYBRID	per-declaration/property Rust-call result materialisation: calls the Rust engine to compute the value (a ScalarDeclaration's type/validator/default, and similar snapshots), then assigns the returned fields onto the TS view object so its existing getters read them unchanged; the computation itself is Rust	-	-	-	false	-	P4-06+P4-07	logic	765
src/engine/views-staging.ts		validateAstStaged	function	7	10.5	HYBRID	per-declaration/property Rust-call result materialisation: calls the Rust engine to compute the value (a ScalarDeclaration's type/validator/default, and similar snapshots), then assigns the returned fields onto the TS view object so its existing getters read them unchanged; the computation itself is Rust	-	-	-	false	-	P4-06+P4-07	validation	780
src/engine/views-staging.ts		updateExternalStaged	function	30	30	HYBRID	per-declaration/property Rust-call result materialisation: calls the Rust engine to compute the value (a ScalarDeclaration's type/validator/default, and similar snapshots), then assigns the returned fields onto the TS view object so its existing getters read them unchanged; the computation itself is Rust	-	-	-	false	-	P4-06+P4-07	logic	793
src/engine/views-staging.ts		validateLoaded	function	15	22.5	TS	engine shim (P4-02/P5-02): plumbing that loads or calls the Rust engine, not ported TS model logic; the model behaviour itself runs in Rust (lazy views: validates the staged or registered file without sending the AST again)	-	-	-	false	-	P5-10a	validation	828
src/engine/views-state.ts		fileState	function	19	19	HYBRID	per-declaration/property Rust-call result materialisation: calls the Rust engine to compute the value (a ScalarDeclaration's type/validator/default, and similar snapshots), then assigns the returned fields onto the TS view object so its existing getters read them unchanged; the computation itself is Rust	-	-	-	false	-	P4-06+P4-07	logic	46
src/engine/views-state.ts		committedHandle	function	3	1.5	HYBRID	per-declaration/property Rust-call result materialisation: calls the Rust engine to compute the value (a ScalarDeclaration's type/validator/default, and similar snapshots), then assigns the returned fields onto the TS view object so its existing getters read them unchanged; the computation itself is Rust	-	-	-	false	-	P4-06+P4-07	glue	73
src/engine/views-state.ts		stateOf	function	3	1.5	TS	engine shim (P4-02/P5-02): plumbing that loads or calls the Rust engine, not ported TS model logic; the model behaviour itself runs in Rust (lazy views: a ModelFile's load-path state, for the staging and lazy-parts modules; P5-117)	-	-	-	false	-	P5-10b	glue	82
src/engine/views-state.ts		stageOf	function	3	1.5	TS	engine shim (P4-02/P5-02): plumbing that loads or calls the Rust engine, not ported TS model logic; the model behaviour itself runs in Rust (lazy views: a ModelFile's staged load; P5-117)	-	-	-	false	-	P5-10b	glue	87
src/engine/views-state.ts		deferredOf	function	3	1.5	TS	engine shim (P4-02/P5-02): plumbing that loads or calls the Rust engine, not ported TS model logic; the model behaviour itself runs in Rust (lazy views: a ModelFile's deferred declaration views; P5-117)	-	-	-	false	-	P5-10b	glue	92
src/engine/views-state.ts		isLazy	function	3	1.5	TS	engine shim (P4-02/P5-02): plumbing that loads or calls the Rust engine, not ported TS model logic; the model behaviour itself runs in Rust (lazy views: whether a ModelFile is lazily built; P5-117)	-	-	-	false	-	P5-10b	glue	97
src/engine/views-state.ts		isShapeChecked	function	3	1.5	TS	engine shim (P4-02/P5-02): plumbing that loads or calls the Rust engine, not ported TS model logic; the model behaviour itself runs in Rust (BC-19: whether a ModelFile's AST passed the shape check; P5-117)	-	-	-	false	-	P5-10b	glue	102
src/engine/wire.ts	WireWriter	constructor	ctor	4	2	TS	the reusable binary writer the wire codecs write into (P5-12c, P5-92, P5-101); pure byte encoding, no model logic	-	-	-	false	-	-	glue	59
src/engine/wire.ts	WireWriter	begin	method	9	9	TS	the reusable binary writer the wire codecs write into (P5-12c, P5-92, P5-101); pure byte encoding, no model logic	-	-	-	false	-	-	logic	69
src/engine/wire.ts	WireWriter	bytes	method	3	1.5	TS	the reusable binary writer the wire codecs write into (P5-12c, P5-92, P5-101); pure byte encoding, no model logic	-	-	-	false	-	-	glue	80
src/engine/wire.ts	WireWriter	release	method	4	2	TS	the reusable binary writer the wire codecs write into (P5-12c, P5-92, P5-101); pure byte encoding, no model logic	-	-	-	false	-	-	glue	85
src/engine/wire.ts	WireWriter	shrink	method	5	2.5	TS	the reusable binary writer the wire codecs write into (P5-12c, P5-92, P5-101); pure byte encoding, no model logic	-	-	-	false	-	-	glue	91
src/engine/wire.ts	WireWriter	ensure	method	13	13	TS	the reusable binary writer the wire codecs write into (P5-12c, P5-92, P5-101); pure byte encoding, no model logic	-	-	-	false	-	-	logic	98
src/engine/wire.ts	WireWriter	putU32	method	7	7	TS	the reusable binary writer the wire codecs write into (P5-12c, P5-92, P5-101); pure byte encoding, no model logic	-	-	-	false	-	-	logic	113
src/engine/wire.ts	WireWriter	tag	method	4	2	TS	the reusable binary writer the wire codecs write into (P5-12c, P5-92, P5-101); pure byte encoding, no model logic	-	-	-	false	-	-	glue	121
src/engine/wire.ts	WireWriter	literal	method	3	1.5	TS	the reusable binary writer the wire codecs write into (P5-12c, P5-92, P5-101); pure byte encoding, no model logic	-	-	-	false	-	-	glue	127
src/engine/wire.ts	WireWriter	rawStr	method	23	23	TS	the reusable binary writer the wire codecs write into (P5-12c, P5-92, P5-101); pure byte encoding, no model logic	-	-	-	false	-	-	logic	132
src/engine/wire.ts	WireWriter	str	method	4	2	TS	the reusable binary writer the wire codecs write into (P5-12c, P5-92, P5-101); pure byte encoding, no model logic	-	-	-	false	-	-	glue	157
src/engine/wire.ts	WireWriter	num	method	13	13	TS	the reusable binary writer the wire codecs write into (P5-12c, P5-92, P5-101); pure byte encoding, no model logic	-	-	-	false	-	-	logic	163
src/engine/wire.ts	WireWriter	array	method	6	6	TS	the reusable binary writer the wire codecs write into (P5-12c, P5-92, P5-101); pure byte encoding, no model logic	-	-	-	false	-	-	logic	178
src/engine/wire.ts	WireWriter	beginObject	method	6	6	TS	the reusable binary writer the wire codecs write into (P5-12c, P5-92, P5-101); pure byte encoding, no model logic	-	-	-	false	-	-	logic	186
src/engine/wire.ts	WireWriter	utf8	method	11	11	TS	the reusable binary writer the wire codecs write into (P5-12c, P5-92, P5-101); pure byte encoding, no model logic	-	-	-	false	-	-	logic	197
src/engine/wire.ts	WireWriter	markerHead	method	7	7	TS	the reusable binary writer the wire codecs write into (P5-12c, P5-92, P5-101); pure byte encoding, no model logic	-	-	-	false	-	-	logic	210
src/engineloader.ts		loadEngine	function	8	8	TS	the one engine loader of the public modules (P5-100, E-3): requires src/engine/ modules once, through a non-literal specifier, and exposes the bindings and the engine modules typed; no model logic	-	-	-	false	-	-	logic	68
src/engineloader.ts		engineViews	function	3	1.5	TS	the one engine loader of the public modules (P5-100, E-3): requires src/engine/ modules once, through a non-literal specifier, and exposes the bindings and the engine modules typed; no model logic	-	-	-	false	-	-	glue	88
src/engineloader.ts		engineSerializer	function	3	1.5	TS	the one engine loader of the public modules (P5-100, E-3): requires src/engine/ modules once, through a non-literal specifier, and exposes the bindings and the engine modules typed; no model logic	-	-	-	false	-	-	glue	97
src/engineloader.ts		engineValidateResource	function	3	1.5	TS	the one engine loader of the public modules (P5-100, E-3): requires src/engine/ modules once, through a non-literal specifier, and exposes the bindings and the engine modules typed; no model logic	-	-	-	false	-	-	glue	106
src/engineloader.ts		engineValidateInstance	function	3	1.5	TS	the one engine loader of the public modules (P5-100, E-3): requires src/engine/ modules once, through a non-literal specifier, and exposes the bindings and the engine modules typed; no model logic	-	-	-	false	-	-	glue	115
src/engineloader.ts		engineHandles	function	3	1.5	TS	the one engine loader of the public modules (P5-100, E-3): requires src/engine/ modules once, through a non-literal specifier, and exposes the bindings and the engine modules typed; no model logic	-	-	-	false	-	-	glue	124
src/engineutil.ts		isFastPathUnsupported	function	3	1.5	TS	the engine fast path's fallback signal (FAST_PATH_UNSUPPORTED, isFastPathUnsupported) and the optional-string argument coercion, shared by the public modules and src/engine/; no model logic	-	-	-	false	-	-	glue	43
src/engineutil.ts		optionalString	function	3	1.5	TS	the engine fast path's fallback signal (FAST_PATH_UNSUPPORTED, isFastPathUnsupported) and the optional-string argument coercion, shared by the public modules and src/engine/; no model logic	-	-	-	false	-	-	glue	58
src/factory.ts	Factory	newId	static	3	1.5	TS	D7: Factory stays TS (uuid/dayjs, constructs dynamic TS Resource objects); model queries it makes go through Rust-backed views	W:1.0.0/validate.js B:factory.js	-	n=1 factory.js:1	false	-	-	glue	57
src/factory.ts	Factory	constructor	ctor	3	1.5	TS	D7: Factory stays TS (uuid/dayjs, constructs dynamic TS Resource objects); model queries it makes go through Rust-backed views	S:serializer/jsonpopulator.js B:factory.js,model/concept.js,composer/i18n.js,+10	n=87 serializer/jsonpopulator.js:65,serializer/jsongenerator.js:12,serializer/resourcevalidator.js:8,+1files	n=341 serializer.js:117,serializer/resourcevalidator.js:45,serializer/instancegenerator.js:44,+15files	true	-	-	glue	66
src/factory.ts	Factory	newResource	method	72	72	TS	D7: Factory stays TS (uuid/dayjs, constructs dynamic TS Resource objects); model queries it makes go through Rust-backed views	W:factory.js,serializer/jsonpopulator.js B:factory.js,serializer/resourcevalidator.js,serializer/jsongenerator.js,+6	n=2 factory.js:2	n=71 serializer/resourcevalidator.js:19,factory.js:17,serializer.js:10,+12files	false	-	-	logic	86
src/factory.ts	Factory	newConcept	method	3	1.5	TS	D7: Factory stays TS (uuid/dayjs, constructs dynamic TS Resource objects); model queries it makes go through Rust-backed views	B:factory.js,serializer/maptype/serializer.js,serializer/complex/complex.js,+4	-	n=37 serializer/maptype/serializer.js:21,factory.js:6,models/test.js:2,+7files	false	-	-	glue	175
src/factory.ts	Factory	newRelationship	method	9	9	TS	D7: Factory stays TS (uuid/dayjs, constructs dynamic TS Resource objects); model queries it makes go through Rust-backed views	W:serializer/jsonpopulator.js B:factory.js,serializer/resourcevalidator.js,serializer.js,+5	-	n=37 serializer/resourcevalidator.js:11,serializer.js:5,serializer/jsongenerator.js:4,+11files	false	-	-	logic	192
src/factory.ts	Factory	newTransaction	method	15	15	TS	D7: Factory stays TS (uuid/dayjs, constructs dynamic TS Resource objects); model queries it makes go through Rust-backed views	B:factory.js,serializer/complex/complex.js	-	n=9 factory.js:6,models/dependencies2.js:1,models/model.js:1,+1files	false	-	-	logic	215
src/factory.ts	Factory	newEvent	method	15	15	TS	D7: Factory stays TS (uuid/dayjs, constructs dynamic TS Resource objects); model queries it makes go through Rust-backed views	B:factory.js	-	n=6 factory.js:6	false	-	-	logic	245
src/factory.ts	Factory	initializeNewObject	method	9	9	TS	D7: Factory stays TS (uuid/dayjs, constructs dynamic TS Resource objects); model queries it makes go through Rust-backed views	-	-	-	false	-	-	logic	270
src/factory.ts	Factory	parseGenerateOptions	method	19	19	TS	D7: Factory stays TS (uuid/dayjs, constructs dynamic TS Resource objects); model queries it makes go through Rust-backed views	-	-	-	false	-	-	logic	289
src/globalize.ts		messageFormatter	function	9	9	TS	public helper over messages/en.json used by M tests and remaining TS throw sites; the templates themselves are ported to the Rust catalogue (P1-05) but this function stays	B:composer/i18n.js	-	n=24 composer/i18n.js:24	false	-	-	logic	23
src/globalize.ts		formatMessage	function	3	1.5	TS	public helper over messages/en.json used by M tests and remaining TS throw sites; the templates themselves are ported to the Rust catalogue (P1-05) but this function stays	B:composer/i18n.js	-	n=1 composer/i18n.js:1	false	-	-	glue	39
src/globalize.ts		Globalize	function	6	6	TS	public helper over messages/en.json used by M tests and remaining TS throw sites; the templates themselves are ported to the Rust catalogue (P1-05) but this function stays	B:composer/i18n.js	-	n=8 composer/i18n.js:8	false	-	-	logic	49
src/introspect/assetdeclaration.ts	AssetDeclaration	constructor	ctor	3	1.5	TS	JS class wiring: a constructor that only calls super and/or process() (process runs in Rust and is counted there); kept because the override is in the BC-37 api-snapshot. Stays TS by maintainer decision (accordproject/concerto-rust#276, 2026-09-28)	S:introspect/assetdeclaration.js,introspect/decorator.js	n=11 introspect/assetdeclaration.js:9,introspect/decorator.js:2	-	true	-	P2-03+P4-06	glue	40
src/introspect/assetdeclaration.ts	AssetDeclaration	declarationKind	method	3	1.5	TS	constant-return member (type/kind marker or fixed default, body is `return <literal>`); stays as-is on the TS class, nothing to port	B:introspect/assetdeclaration.js,introspect/classdeclaration.js,introspect/enumdeclaration.js,+4	-	n=7 introspect/assetdeclaration.js:1,introspect/classdeclaration.js:1,introspect/enumdeclaration.js:1,+4files	false	-	-	glue	49
src/introspect/classdeclaration.ts		declarationKindOf	function	6	6	PARTIAL	no engine call: the TS body (branches, loops or throw sites) still runs and decides the result and any exception; not yet converted to a delegation. Planned task kept; porting it is follow-up after P5-10 (accordproject/concerto-rust#261)	-	-	-	false	concerto_core::introspect::declaration	P2-03+P4-06	logic	50
src/introspect/classdeclaration.ts	ClassDeclaration	declarationKind	method	3	1.5	TS	abstract stub (throws); overridden by subclasses, nothing to port	B:introspect/classdeclaration.js,introspect/assetdeclaration.js,introspect/enumdeclaration.js,+4	-	n=7 introspect/assetdeclaration.js:1,introspect/classdeclaration.js:1,introspect/enumdeclaration.js:1,+4files	false	-	-	glue	85
src/introspect/classdeclaration.ts	ClassDeclaration	process	method	78	117	PARTIAL	no engine call: the TS body (branches, loops or throw sites) still runs and decides the result and any exception; not yet converted to a delegation. Planned task kept; porting it is follow-up after P5-10 (accordproject/concerto-rust#261)	-	-	-	false	concerto_core::introspect::declaration	P2-03+P4-06	validation	95
src/introspect/classdeclaration.ts	ClassDeclaration	addTimestampField	method	5	2.5	TS	fixed-data builder: returns or adds a fixed system model/field definition (rootmodel.json/decoratormodel.json are duplicated in concerto-rust src/); no model logic to port. Stays TS by maintainer decision (accordproject/concerto-rust#276, 2026-09-28)	-	-	-	false	-	P2-03+P4-06	glue	180
src/introspect/classdeclaration.ts	ClassDeclaration	addIdentifierField	method	5	2.5	TS	fixed-data builder: returns or adds a fixed system model/field definition (rootmodel.json/decoratormodel.json are duplicated in concerto-rust src/); no model logic to port. Stays TS by maintainer decision (accordproject/concerto-rust#276, 2026-09-28)	-	-	-	false	-	P2-03+P4-06	glue	191
src/introspect/classdeclaration.ts	ClassDeclaration	_resolveSuperType	method	3	4.5	RUST		B:introspect/classdeclaration.js	n=5 introspect/classdeclaration.js:5	n=5 introspect/classdeclaration.js:5	false	concerto_core::introspect::declaration	P2-03+P4-06	validation	201
src/introspect/classdeclaration.ts	ClassDeclaration	validate	method	98	147	PARTIAL	no engine call: the TS body (branches, loops or throw sites) still runs and decides the result and any exception; not yet converted to a delegation. Planned task kept; porting it is follow-up after P5-10 (accordproject/concerto-rust#261)	B:introspect/classdeclaration.js,introspect/mapdeclaration.js,introspect/stringvalidator.js,+12	-	n=108 introspect/mapdeclaration.js:33,introspect/stringvalidator.js:19,introspect/modelfile.js:15,+15files	false	concerto_core::introspect::declaration	P2-03+P4-06	validation	213
src/introspect/classdeclaration.ts	ClassDeclaration	isAbstract	method	3	1.5	TS	trivial accessor: returns a field of the view, which P5-10 lazy views fill from the Rust snapshot (or the wrapped AST); a Rust crossing (0.2-1.4 us) costs 2-30x the read (0.1-0.2 us). Stays TS by maintainer decision (accordproject/concerto-rust#276, 2026-09-28)	B:introspect/eventdeclaration.js,introspect/scalardeclaration.js	-	n=3 introspect/eventdeclaration.js:1,introspect/scalardeclaration.js:1,models/model.js:1	false	-	P2-03+P4-06	glue	317
src/introspect/classdeclaration.ts	ClassDeclaration	isIdentified	method	3	1.5	TS	forward/orchestration over members counted elsewhere: the logic is in the callee(s) it calls, which is where any Rust work is counted; this body makes no engine call. Stays TS by maintainer decision (accordproject/concerto-rust#276, 2026-09-28)	B:introspect/declaration.js,introspect/scalardeclaration.js	-	n=2 introspect/declaration.js:1,introspect/scalardeclaration.js:1	false	-	P2-03+P4-06	glue	326
src/introspect/classdeclaration.ts	ClassDeclaration	isSystemIdentified	method	3	1.5	TS	forward/orchestration over members counted elsewhere: the logic is in the callee(s) it calls, which is where any Rust work is counted; this body makes no engine call. Stays TS by maintainer decision (accordproject/concerto-rust#276, 2026-09-28)	B:introspect/identifieddeclaration.js,introspect/declaration.js,introspect/scalardeclaration.js	-	n=4 introspect/identifieddeclaration.js:2,introspect/declaration.js:1,introspect/scalardeclaration.js:1	false	-	P2-03+P4-06	glue	335
src/introspect/classdeclaration.ts	ClassDeclaration	isExplicitlyIdentified	method	3	1.5	TS	trivial accessor: returns a field of the view, which P5-10 lazy views fill from the Rust snapshot (or the wrapped AST); a Rust crossing (0.2-1.4 us) costs 2-30x the read (0.1-0.2 us). Stays TS by maintainer decision (accordproject/concerto-rust#276, 2026-09-28)	B:introspect/identifieddeclaration.js	-	n=2 introspect/identifieddeclaration.js:2	false	-	P2-03+P4-06	glue	343
src/introspect/classdeclaration.ts	ClassDeclaration	getIdentifierFieldName	method	7	7	PARTIAL	no engine call: a straight-line read of view state (a snapshot field, the wrapped AST node or a child view), a fixed-data builder or a forward to other members; PORTING 1.5 snapshot design allows it on a view, but the member itself runs no Rust (accordproject/concerto-rust#261)	W:serializer/resourcevalidator.js B:introspect/identifieddeclaration.js,introspect/declaration.js,introspect/scalardeclaration.js	-	n=7 introspect/identifieddeclaration.js:3,introspect/declaration.js:1,introspect/scalardeclaration.js:1,+2files	false	concerto_core::introspect::declaration	P2-03+P4-06	logic	353
src/introspect/classdeclaration.ts	ClassDeclaration	getOwnProperty	method	10	10	TS	trivial accessor or filter over lazily built views: the state it reads was computed by Rust at load; a crossing costs more than it saves. Stays TS by maintainer decision (accordproject/concerto-rust#276, 2026-09-28) (a loop over the cached property views)	-	-	-	false	-	P2-03+P4-06	logic	369
src/introspect/classdeclaration.ts	ClassDeclaration	getOwnProperties	method	3	1.5	TS	trivial accessor: returns a field of the view, which P5-10 lazy views fill from the Rust snapshot (or the wrapped AST); a Rust crossing (0.2-1.4 us) costs 2-30x the read (0.1-0.2 us). Stays TS by maintainer decision (accordproject/concerto-rust#276, 2026-09-28)	-	-	n=1 models/animaltracking.js:1	false	-	P2-03+P4-06	glue	385
src/introspect/classdeclaration.ts	ClassDeclaration	getSuperType	method	3	1.5	RUST		B:introspect/classdeclaration.js,introspect/scalardeclaration.js	-	n=5 introspect/classdeclaration.js:4,introspect/scalardeclaration.js:1	false	concerto_core::introspect::declaration	P2-03+P4-06	glue	395
src/introspect/classdeclaration.ts	ClassDeclaration	getSuperTypeDeclaration	method	3	1.5	RUST		B:introspect/classdeclaration.js,introspect/scalardeclaration.js	-	n=2 introspect/classdeclaration.js:1,introspect/scalardeclaration.js:1	false	concerto_core::introspect::declaration	P2-03+P4-06	glue	403
src/introspect/classdeclaration.ts	ClassDeclaration	getAssignableClassDeclarations	method	13	13	PARTIAL	no engine call: the TS body (branches, loops or throw sites) still runs and decides the result and any exception; not yet converted to a delegation. Planned task kept; porting it is follow-up after P5-10 (accordproject/concerto-rust#261)	B:introspect/classdeclaration.js	-	n=3 introspect/classdeclaration.js:3	false	concerto_core::introspect::declaration	P2-03+P4-06	logic	411
src/introspect/classdeclaration.ts	ClassDeclaration	getDirectSubclasses	method	9	9	PARTIAL	no engine call: the TS body (branches, loops or throw sites) still runs and decides the result and any exception; not yet converted to a delegation. Planned task kept; porting it is follow-up after P5-10 (accordproject/concerto-rust#261)	B:introspect/classdeclaration.js	-	n=3 introspect/classdeclaration.js:3	false	concerto_core::introspect::declaration	P2-03+P4-06	logic	429
src/introspect/classdeclaration.ts	ClassDeclaration	getAllSuperTypeDeclarations	method	3	1.5	RUST		B:introspect/classdeclaration.js	-	n=3 introspect/classdeclaration.js:3	false	concerto_core::introspect::declaration	P2-03+P4-06	glue	443
src/introspect/classdeclaration.ts	ClassDeclaration	getProperty	method	5	2.5	PARTIAL	no engine call: a straight-line read of view state (a snapshot field, the wrapped AST node or a child view), a fixed-data builder or a forward to other members; PORTING 1.5 snapshot design allows it on a view, but the member itself runs no Rust (accordproject/concerto-rust#261)	B:serializer/resourcevalidator.js,introspect/decorators.js,decoratormanager.js,+7	-	n=132 serializer/jsonpopulator.js:62,serializer/jsongenerator.js:33,serializer/resourcevalidator.js:13,+10files	false	concerto_core::introspect::declaration	P2-03+P4-06	glue	454
src/introspect/classdeclaration.ts	ClassDeclaration	validateInstance	method	3	4.5	PARTIAL	no engine call: a straight-line read of view state (a snapshot field, the wrapped AST node or a child view), a fixed-data builder or a forward to other members; PORTING 1.5 snapshot design allows it on a view, but the member itself runs no Rust (accordproject/concerto-rust#261)	-	-	-	false	concerto_core::introspect::declaration	P2-03+P4-06	validation	474
src/introspect/classdeclaration.ts	ClassDeclaration	validateInstanceOrThrow	method	3	4.5	PARTIAL	no engine call: a straight-line read of view state (a snapshot field, the wrapped AST node or a child view), a fixed-data builder or a forward to other members; PORTING 1.5 snapshot design allows it on a view, but the member itself runs no Rust (accordproject/concerto-rust#261)	-	-	-	false	concerto_core::introspect::declaration	P2-03+P4-06	validation	489
src/introspect/classdeclaration.ts	ClassDeclaration	getProperties	method	5	7.5	PARTIAL	no engine call: a straight-line read of view state (a snapshot field, the wrapped AST node or a child view), a fixed-data builder or a forward to other members; PORTING 1.5 snapshot design allows it on a view, but the member itself runs no Rust (accordproject/concerto-rust#261)	W:introspect/assetdeclaration.js,introspect/transactiondeclaration.js B:introspect/identifieddeclaration.js,introspect/assetdeclaration.js,introspect/enumdeclaration.js	-	n=9 introspect/identifieddeclaration.js:5,introspect/assetdeclaration.js:1,introspect/enumdeclaration.js:1,+2files	false	concerto_core::introspect::declaration	P2-03+P4-06	validation	498
src/introspect/classdeclaration.ts	ClassDeclaration	getNestedProperty	method	3	4.5	RUST		B:introspect/classdeclaration.js	-	n=4 introspect/classdeclaration.js:4	false	concerto_core::introspect::declaration	P2-03+P4-06	validation	510
src/introspect/classdeclaration.ts	ClassDeclaration	toString	method	6	6	PARTIAL	no engine call: the TS body (branches, loops or throw sites) still runs and decides the result and any exception; not yet converted to a delegation. Planned task kept; porting it is follow-up after P5-10 (accordproject/concerto-rust#261)	B:introspect/classdeclaration.js,introspect/mapdeclaration.js,typenotfoundexception.js,+10	-	n=17 typenotfoundexception.js:3,introspect/classdeclaration.js:2,introspect/stringvalidator.js:2,+10files	false	concerto_core::introspect::declaration	P2-03+P4-06	logic	518
src/introspect/classdeclaration.ts	ClassDeclaration	isAsset	method	3	1.5	PARTIAL	no engine call: a straight-line read of view state (a snapshot field, the wrapped AST node or a child view), a fixed-data builder or a forward to other members; PORTING 1.5 snapshot design allows it on a view, but the member itself runs no Rust (accordproject/concerto-rust#261)	B:introspect/classdeclaration.js,introspect/scalardeclaration.js,introspect/declaration.js	-	n=4 introspect/classdeclaration.js:2,introspect/declaration.js:1,introspect/scalardeclaration.js:1	false	concerto_core::introspect::declaration	P2-03+P4-06	glue	530
src/introspect/classdeclaration.ts	ClassDeclaration	isParticipant	method	3	1.5	PARTIAL	no engine call: a straight-line read of view state (a snapshot field, the wrapped AST node or a child view), a fixed-data builder or a forward to other members; PORTING 1.5 snapshot design allows it on a view, but the member itself runs no Rust (accordproject/concerto-rust#261)	B:introspect/classdeclaration.js,introspect/declaration.js,introspect/scalardeclaration.js	-	n=3 introspect/classdeclaration.js:1,introspect/declaration.js:1,introspect/scalardeclaration.js:1	false	concerto_core::introspect::declaration	P2-03+P4-06	glue	539
src/introspect/classdeclaration.ts	ClassDeclaration	isTransaction	method	3	1.5	PARTIAL	no engine call: a straight-line read of view state (a snapshot field, the wrapped AST node or a child view), a fixed-data builder or a forward to other members; PORTING 1.5 snapshot design allows it on a view, but the member itself runs no Rust (accordproject/concerto-rust#261)	B:introspect/classdeclaration.js,introspect/declaration.js,introspect/scalardeclaration.js	-	n=3 introspect/classdeclaration.js:1,introspect/declaration.js:1,introspect/scalardeclaration.js:1	false	concerto_core::introspect::declaration	P2-03+P4-06	glue	548
src/introspect/classdeclaration.ts	ClassDeclaration	isEvent	method	3	1.5	PARTIAL	no engine call: a straight-line read of view state (a snapshot field, the wrapped AST node or a child view), a fixed-data builder or a forward to other members; PORTING 1.5 snapshot design allows it on a view, but the member itself runs no Rust (accordproject/concerto-rust#261)	B:introspect/classdeclaration.js,introspect/declaration.js,introspect/eventdeclaration.js,+1	-	n=5 introspect/classdeclaration.js:2,introspect/declaration.js:1,introspect/eventdeclaration.js:1,+1files	false	concerto_core::introspect::declaration	P2-03+P4-06	glue	557
src/introspect/classdeclaration.ts	ClassDeclaration	isConcept	method	3	1.5	PARTIAL	no engine call: a straight-line read of view state (a snapshot field, the wrapped AST node or a child view), a fixed-data builder or a forward to other members; PORTING 1.5 snapshot design allows it on a view, but the member itself runs no Rust (accordproject/concerto-rust#261)	W:serializer/resourcevalidator.js B:introspect/classdeclaration.js,model/concept.js,introspect/declaration.js,+1	-	n=6 model/concept.js:3,introspect/classdeclaration.js:1,introspect/declaration.js:1,+1files	false	concerto_core::introspect::declaration	P2-03+P4-06	glue	566
src/introspect/classdeclaration.ts	ClassDeclaration	isEnum	method	3	1.5	PARTIAL	no engine call: a straight-line read of view state (a snapshot field, the wrapped AST node or a child view), a fixed-data builder or a forward to other members; PORTING 1.5 snapshot design allows it on a view, but the member itself runs no Rust (accordproject/concerto-rust#261)	W:serializer/jsongenerator.js B:introspect/classdeclaration.js,introspect/declaration.js,introspect/enumdeclaration.js,+1	-	n=4 introspect/classdeclaration.js:1,introspect/declaration.js:1,introspect/enumdeclaration.js:1,+1files	false	concerto_core::introspect::declaration	P2-03+P4-06	glue	575
src/introspect/classdeclaration.ts	ClassDeclaration	isMapDeclaration	method	3	1.5	PARTIAL	no engine call: a straight-line read of view state (a snapshot field, the wrapped AST node or a child view), a fixed-data builder or a forward to other members; PORTING 1.5 snapshot design allows it on a view, but the member itself runs no Rust (accordproject/concerto-rust#261)	B:introspect/classdeclaration.js,introspect/declaration.js,introspect/mapdeclaration.js	-	n=3 introspect/classdeclaration.js:1,introspect/declaration.js:1,introspect/mapdeclaration.js:1	false	concerto_core::introspect::declaration	P2-03+P4-06	glue	584
src/introspect/classdeclaration.ts	ClassDeclaration	isClassDeclaration	method	3	1.5	TS	constant-return member (type/kind marker or fixed default, body is `return <literal>`); stays as-is on the TS class, nothing to port	B:introspect/declaration.js,introspect/scalardeclaration.js	-	n=2 introspect/declaration.js:1,introspect/scalardeclaration.js:1	false	-	-	glue	593
src/introspect/collectionsizevalidator.ts	CollectionSizeValidator	constructor	ctor	4	2	RUST		B:introspect/collectionsizevalidator.js	-	n=14 introspect/collectionsizevalidator.js:14	false	concerto_core::introspect::validators	P2-02+P4-04	glue	43
src/introspect/collectionsizevalidator.ts	CollectionSizeValidator	validate	method	3	4.5	RUST		B:introspect/collectionsizevalidator.js,introspect/mapdeclaration.js,introspect/stringvalidator.js,+12	-	n=108 introspect/mapdeclaration.js:33,introspect/stringvalidator.js:19,introspect/modelfile.js:15,+15files	false	concerto_core::introspect::validators	P2-02+P4-04	validation	55
src/introspect/collectionsizevalidator.ts	CollectionSizeValidator	getMinSize	method	3	1.5	TS	trivial accessor: returns a field of the view, which P5-10 lazy views fill from the Rust snapshot (or the wrapped AST); a Rust crossing (0.2-1.4 us) costs 2-30x the read (0.1-0.2 us). Stays TS by maintainer decision (accordproject/concerto-rust#276, 2026-09-28)	B:introspect/collectionsizevalidator.js,introspect/property.js	-	n=9 introspect/collectionsizevalidator.js:5,introspect/property.js:4	false	-	P2-02+P4-04	glue	63
src/introspect/collectionsizevalidator.ts	CollectionSizeValidator	getMaxSize	method	3	1.5	TS	trivial accessor: returns a field of the view, which P5-10 lazy views fill from the Rust snapshot (or the wrapped AST); a Rust crossing (0.2-1.4 us) costs 2-30x the read (0.1-0.2 us). Stays TS by maintainer decision (accordproject/concerto-rust#276, 2026-09-28)	B:introspect/collectionsizevalidator.js,introspect/property.js	-	n=6 introspect/collectionsizevalidator.js:4,introspect/property.js:2	false	-	P2-02+P4-04	glue	71
src/introspect/collectionsizevalidator.ts	CollectionSizeValidator	compatibleWith	method	3	1.5	RUST		B:introspect/collectionsizevalidator.js,introspect/stringvalidator.js,introspect/numbervalidator.js,+1	-	n=36 introspect/stringvalidator.js:16,introspect/numbervalidator.js:10,introspect/collectionsizevalidator.js:9,+1files	false	concerto_core::introspect::validators	P2-02+P4-04	glue	83
src/introspect/conceptdeclaration.ts	ConceptDeclaration	constructor	ctor	3	1.5	TS	JS class wiring: a constructor that only calls super and/or process() (process runs in Rust and is counted there); kept because the override is in the BC-37 api-snapshot. Stays TS by maintainer decision (accordproject/concerto-rust#276, 2026-09-28)	-	-	-	false	-	P2-03+P4-06	glue	40
src/introspect/conceptdeclaration.ts	ConceptDeclaration	declarationKind	method	3	1.5	TS	constant-return member (type/kind marker or fixed default, body is `return <literal>`); stays as-is on the TS class, nothing to port	B:introspect/assetdeclaration.js,introspect/classdeclaration.js,introspect/enumdeclaration.js,+4	-	n=7 introspect/assetdeclaration.js:1,introspect/classdeclaration.js:1,introspect/enumdeclaration.js:1,+4files	false	-	-	glue	49
src/introspect/declaration.ts	Declaration	constructor	ctor	5	2.5	TS	view constructor glue: stores the parent and AST and calls process(), which is counted separately (the Rust snapshot or the collaborator-context fallback for W tests over stubbed parents, plan section 3); no engine call of its own. Stays TS by maintainer decision (accordproject/concerto-rust#276, 2026-09-28)	B:introspect/declaration.js	n=8 introspect/declaration.js:8	n=8 introspect/declaration.js:8	true	-	P2-03+P4-05	glue	48
src/introspect/declaration.ts	Declaration	process	method	17	25.5	PARTIAL	no engine call: the TS body (branches, loops or throw sites) still runs and decides the result and any exception; not yet converted to a delegation. Planned task kept; porting it is follow-up after P5-10 (accordproject/concerto-rust#261)	-	-	-	false	concerto_core::introspect::declaration	P2-03+P4-05	validation	60
src/introspect/declaration.ts	Declaration	validate	method	10	15	RUST		B:introspect/mapdeclaration.js,introspect/stringvalidator.js,introspect/modelfile.js,+12	-	n=108 introspect/mapdeclaration.js:33,introspect/stringvalidator.js:19,introspect/modelfile.js:15,+15files	false	concerto_core::introspect::declaration	P2-03+P4-05	validation	87
src/introspect/declaration.ts	Declaration	isReservedSystemTypeImport	method	8	8	RUST		-	-	-	false	concerto_core::introspect::declaration	P2-03+P4-05	logic	105
src/introspect/declaration.ts	Declaration	getModelFile	method	3	1.5	TS	trivial accessor: returns a field of the view, which P5-10 lazy views fill from the Rust snapshot (or the wrapped AST); a Rust crossing (0.2-1.4 us) costs 2-30x the read (0.1-0.2 us). Stays TS by maintainer decision (accordproject/concerto-rust#276, 2026-09-28)	W:introspect/assetdeclaration.js,introspect/field.js,introspect/property.js,introspect/property_ex.js,+2 B:modelmanager.js,decoratormanager.js,introspect/modelfile.js,+8	-	n=47 modelmanager.js:14,introspect/modelfile.js:9,decoratormanager.js:6,+12files	false	-	P2-03+P4-05	glue	120
src/introspect/declaration.ts	Declaration	getName	method	3	1.5	TS	trivial accessor: returns a field of the view, which P5-10 lazy views fill from the Rust snapshot (or the wrapped AST); a Rust crossing (0.2-1.4 us) costs 2-30x the read (0.1-0.2 us). Stays TS by maintainer decision (accordproject/concerto-rust#276, 2026-09-28)	W:introspect/illegalmodelexception.js,modelutil.js,serializer/resourcevalidator.js B:introspect/classdeclaration.js,modelmanager.js,introspect/modelfile.js,+3	-	n=27 introspect/classdeclaration.js:10,modelmanager.js:9,introspect/modelfile.js:3,+5files	false	-	P2-03+P4-05	glue	130
src/introspect/declaration.ts	Declaration	getNamespace	method	3	1.5	TS	forward/orchestration over members counted elsewhere: the logic is in the callee(s) it calls, which is where any Rust work is counted; this body makes no engine call. Stays TS by maintainer decision (accordproject/concerto-rust#276, 2026-09-28)	W:serializer/jsonpopulator.js B:modelmanager.js,model/relationship.js,introspect/mapdeclaration.js,+4	-	n=20 model/relationship.js:5,modelmanager.js:5,models/test.js:3,+6files	false	-	P2-03+P4-05	glue	138
src/introspect/declaration.ts	Declaration	getFullyQualifiedName	method	3	1.5	TS	trivial accessor: returns a field of the view, which P5-10 lazy views fill from the Rust snapshot (or the wrapped AST); a Rust crossing (0.2-1.4 us) costs 2-30x the read (0.1-0.2 us). Stays TS by maintainer decision (accordproject/concerto-rust#276, 2026-09-28)	W:introspect/numbervalidator.js,introspect/stringvalidator.js,introspect/validator.js B:modelmanager.js,introspect/modelfile.js,introspect/classdeclaration.js,+7	-	n=31 modelmanager.js:9,introspect/modelfile.js:6,introspect/classdeclaration.js:5,+8files	false	-	P2-03+P4-05	glue	148
src/introspect/declaration.ts	Declaration	isIdentified	method	3	1.5	TS	constant-return member (type/kind marker or fixed default, body is `return <literal>`); stays as-is on the TS class, nothing to port	B:introspect/declaration.js,introspect/scalardeclaration.js	-	n=2 introspect/declaration.js:1,introspect/scalardeclaration.js:1	false	-	-	glue	156
src/introspect/declaration.ts	Declaration	isSystemIdentified	method	3	1.5	TS	constant-return member (type/kind marker or fixed default, body is `return <literal>`); stays as-is on the TS class, nothing to port	B:introspect/declaration.js,introspect/identifieddeclaration.js,introspect/scalardeclaration.js	-	n=4 introspect/identifieddeclaration.js:2,introspect/declaration.js:1,introspect/scalardeclaration.js:1	false	-	-	glue	164
src/introspect/declaration.ts	Declaration	getIdentifierFieldName	method	3	1.5	TS	constant-return member (type/kind marker or fixed default, body is `return <literal>`); stays as-is on the TS class, nothing to port	W:serializer/resourcevalidator.js B:introspect/declaration.js,introspect/identifieddeclaration.js,introspect/scalardeclaration.js	-	n=7 introspect/identifieddeclaration.js:3,introspect/declaration.js:1,introspect/scalardeclaration.js:1,+2files	false	-	-	glue	174
src/introspect/declaration.ts	Declaration	getType	method	3	1.5	TS	constant-return member (type/kind marker or fixed default, body is `return <literal>`); stays as-is on the TS class, nothing to port	W:introspect/assetdeclaration.js,introspect/relationshipdeclaration.js,introspect/scalars.js,modelutil.js,+1 B:introspect/declaration.js,serializer/resourcevalidator.js,introspect/classdeclaration.js,+23	-	n=335 serializer/jsonpopulator.js:62,serializer/jsongenerator.js:33,serializer/resourcevalidator.js:29,+29files	false	-	-	glue	184
src/introspect/declaration.ts	Declaration	toString	method	3	1.5	TS	constant-return member (type/kind marker or fixed default, body is `return <literal>`); stays as-is on the TS class, nothing to port	B:introspect/declaration.js,introspect/mapdeclaration.js,typenotfoundexception.js,+10	-	n=17 typenotfoundexception.js:3,introspect/classdeclaration.js:2,introspect/stringvalidator.js:2,+10files	false	-	-	glue	192
src/introspect/declaration.ts	Declaration	isEnum	method	3	1.5	TS	constant-return member (type/kind marker or fixed default, body is `return <literal>`); stays as-is on the TS class, nothing to port	W:serializer/jsongenerator.js B:introspect/declaration.js,introspect/classdeclaration.js,introspect/enumdeclaration.js,+1	-	n=4 introspect/classdeclaration.js:1,introspect/declaration.js:1,introspect/enumdeclaration.js:1,+1files	false	-	-	glue	201
src/introspect/declaration.ts	Declaration	isClassDeclaration	method	3	1.5	TS	constant-return member (type/kind marker or fixed default, body is `return <literal>`); stays as-is on the TS class, nothing to port	B:introspect/declaration.js,introspect/scalardeclaration.js	-	n=2 introspect/declaration.js:1,introspect/scalardeclaration.js:1	false	-	-	glue	210
src/introspect/declaration.ts	Declaration	isScalarDeclaration	method	3	1.5	TS	constant-return member (type/kind marker or fixed default, body is `return <literal>`); stays as-is on the TS class, nothing to port	W:introspect/scalars.js B:introspect/declaration.js	-	n=1 introspect/declaration.js:1	false	-	-	glue	219
src/introspect/declaration.ts	Declaration	isMapDeclaration	method	3	1.5	TS	constant-return member (type/kind marker or fixed default, body is `return <literal>`); stays as-is on the TS class, nothing to port	B:introspect/declaration.js,introspect/classdeclaration.js,introspect/mapdeclaration.js	-	n=3 introspect/classdeclaration.js:1,introspect/declaration.js:1,introspect/mapdeclaration.js:1	false	-	-	glue	228
src/introspect/declaration.ts	Declaration	isAsset	method	3	1.5	TS	constant-return member (type/kind marker or fixed default, body is `return <literal>`); stays as-is on the TS class, nothing to port	B:introspect/declaration.js,introspect/classdeclaration.js,introspect/scalardeclaration.js	-	n=4 introspect/classdeclaration.js:2,introspect/declaration.js:1,introspect/scalardeclaration.js:1	false	-	-	glue	237
src/introspect/declaration.ts	Declaration	isParticipant	method	3	1.5	TS	constant-return member (type/kind marker or fixed default, body is `return <literal>`); stays as-is on the TS class, nothing to port	B:introspect/declaration.js,introspect/classdeclaration.js,introspect/scalardeclaration.js	-	n=3 introspect/classdeclaration.js:1,introspect/declaration.js:1,introspect/scalardeclaration.js:1	false	-	-	glue	246
src/introspect/declaration.ts	Declaration	isTransaction	method	3	1.5	TS	constant-return member (type/kind marker or fixed default, body is `return <literal>`); stays as-is on the TS class, nothing to port	B:introspect/declaration.js,introspect/classdeclaration.js,introspect/scalardeclaration.js	-	n=3 introspect/classdeclaration.js:1,introspect/declaration.js:1,introspect/scalardeclaration.js:1	false	-	-	glue	255
src/introspect/declaration.ts	Declaration	isEvent	method	3	1.5	TS	constant-return member (type/kind marker or fixed default, body is `return <literal>`); stays as-is on the TS class, nothing to port	B:introspect/declaration.js,introspect/classdeclaration.js,introspect/eventdeclaration.js,+1	-	n=5 introspect/classdeclaration.js:2,introspect/declaration.js:1,introspect/eventdeclaration.js:1,+1files	false	-	-	glue	264
src/introspect/declaration.ts	Declaration	isConcept	method	3	1.5	TS	constant-return member (type/kind marker or fixed default, body is `return <literal>`); stays as-is on the TS class, nothing to port	W:serializer/resourcevalidator.js B:introspect/declaration.js,model/concept.js,introspect/classdeclaration.js,+1	-	n=6 model/concept.js:3,introspect/classdeclaration.js:1,introspect/declaration.js:1,+1files	false	-	-	glue	273
src/introspect/decorated.ts	Decorated	constructor	ctor	6	6	TS	view constructor glue: stores the parent and AST and calls process(), which is counted separately (the Rust snapshot or the collaborator-context fallback for W tests over stubbed parents, plan section 3); no engine call of its own. Stays TS by maintainer decision (accordproject/concerto-rust#276, 2026-09-28)	B:introspect/decorated.js	n=2 introspect/decorated.js:2	n=2 introspect/decorated.js:2	true	-	P2-07+P4-05	logic	65
src/introspect/decorated.ts	Decorated	getModelFile	method	3	1.5	TS	abstract stub (throws); overridden by subclasses, nothing to port	W:introspect/assetdeclaration.js,introspect/field.js,introspect/property.js,introspect/property_ex.js,+2 B:introspect/decorated.js,modelmanager.js,decoratormanager.js,+8	-	n=47 modelmanager.js:14,introspect/modelfile.js:9,decoratormanager.js:6,+12files	false	-	-	glue	79
src/introspect/decorated.ts	Decorated	accept	method	3	1.5	TS	visitor dispatch entry point (accept -> visitor.visit); kept in TS, visitors call back into views	B:serializer/resourcevalidator.js,serializer/instancegenerator.js,introspect/classdeclaration.js,+8	-	n=37 serializer/resourcevalidator.js:27,introspect/classdeclaration.js:1,introspect/decorator.js:1,+8files	false	-	-	glue	89
src/introspect/decorated.ts	Decorated	process	method	33	33	HYBRID	decorator objects may be produced by user DecoratorFactory subclasses (JS callbacks); Rust supplies the decorator ASTs and order	-	-	-	false	concerto_core::introspect::decorator	P2-07+P4-05	logic	99
src/introspect/decorated.ts	Decorated	validate	method	22	33	PARTIAL	no engine call: the TS body (branches, loops or throw sites) still runs and decides the result and any exception; not yet converted to a delegation. Planned task kept; porting it is follow-up after P5-10 (accordproject/concerto-rust#261)	B:introspect/mapdeclaration.js,introspect/stringvalidator.js,introspect/modelfile.js,+12	-	n=108 introspect/mapdeclaration.js:33,introspect/stringvalidator.js:19,introspect/modelfile.js:15,+15files	false	concerto_core::introspect::decorator	P2-07+P4-05	validation	142
src/introspect/decorated.ts	Decorated	getDecorators	method	3	1.5	TS	trivial accessor or filter over lazily built views: the state it reads was computed by Rust at load; a crossing costs more than it saves. Stays TS by maintainer decision (accordproject/concerto-rust#276, 2026-09-28) (the decorators, built by Rust decoratorProcess snapshots or user DecoratorFactory callbacks)	B:introspect/decorator.js,introspect/decorators.js	-	n=4 introspect/decorator.js:2,introspect/decorators.js:1,scripts/javascriptparser.js:1	false	-	P2-07+P4-05	glue	170
src/introspect/decorated.ts	Decorated	getDecorator	method	10	10	TS	trivial accessor or filter over lazily built views: the state it reads was computed by Rust at load; a crossing costs more than it saves. Stays TS by maintainer decision (accordproject/concerto-rust#276, 2026-09-28) (a name lookup over the decorator views)	B:introspect/decorators.js,decoratormanager.js	-	n=17 decoratormanager.js:15,introspect/decorators.js:2	false	-	P2-07+P4-05	logic	179
src/introspect/decorator.ts	Decorator	constructor	ctor	6	3	TS	Decorator is a user-subclassable JS class (DecoratorFactory returns subclasses); tests construct it directly. Argument parsing (process) is Rust and counted there. Stays TS by maintainer decision (accordproject/concerto-rust#276, 2026-09-28)	B:introspect/decorator.js	n=2 introspect/decorator.js:2	n=2 introspect/decorator.js:2	true	-	P2-07+P4-05	glue	56
src/introspect/decorator.ts	Decorator	accept	method	3	1.5	TS	visitor dispatch entry point (accept -> visitor.visit); kept in TS, visitors call back into views	B:introspect/decorator.js,serializer/resourcevalidator.js,serializer/instancegenerator.js,+8	-	n=37 serializer/resourcevalidator.js:27,introspect/classdeclaration.js:1,introspect/decorator.js:1,+8files	false	-	-	glue	69
src/introspect/decorator.ts	Decorator	getParent	method	3	1.5	TS	trivial accessor: returns a field of the view, which P5-10 lazy views fill from the Rust snapshot (or the wrapped AST); a Rust crossing (0.2-1.4 us) costs 2-30x the read (0.1-0.2 us). Stays TS by maintainer decision (accordproject/concerto-rust#276, 2026-09-28)	W:introspect/property_ex.js B:introspect/decorator.js,introspect/mapdeclaration.js,introspect/relationshipdeclaration.js	-	n=3 introspect/decorator.js:1,introspect/mapdeclaration.js:1,introspect/relationshipdeclaration.js:1	false	-	P2-07+P4-05	glue	77
src/introspect/decorator.ts	Decorator	handleError	method	15	22.5	TS	Logger.dispatch is the JS logging sink; the error-vs-warn decision and message come from Rust. Stays TS by maintainer decision (accordproject/concerto-rust#276, 2026-09-28)	-	-	-	false	-	P2-07+P4-05	validation	90
src/introspect/decorator.ts	Decorator	process	method	5	2.5	RUST		-	-	-	false	concerto_core::introspect::decorator	P2-07+P4-05	glue	111
src/introspect/decorator.ts	Decorator	validate	method	21	31.5	PARTIAL	no engine call: the TS body (branches, loops or throw sites) still runs and decides the result and any exception; not yet converted to a delegation. Planned task kept; porting it is follow-up after P5-10 (accordproject/concerto-rust#261)	B:introspect/mapdeclaration.js,introspect/stringvalidator.js,introspect/modelfile.js,+12	-	n=108 introspect/mapdeclaration.js:33,introspect/stringvalidator.js:19,introspect/modelfile.js:15,+15files	false	concerto_core::introspect::decorator	P2-07+P4-05	validation	122
src/introspect/decorator.ts	Decorator	getName	method	3	1.5	TS	trivial accessor: returns a field of the view, which P5-10 lazy views fill from the Rust snapshot (or the wrapped AST); a Rust crossing (0.2-1.4 us) costs 2-30x the read (0.1-0.2 us). Stays TS by maintainer decision (accordproject/concerto-rust#276, 2026-09-28)	W:introspect/illegalmodelexception.js,modelutil.js,serializer/resourcevalidator.js B:introspect/decorator.js,introspect/classdeclaration.js,modelmanager.js,+3	-	n=27 introspect/classdeclaration.js:10,modelmanager.js:9,introspect/modelfile.js:3,+5files	false	-	P2-07+P4-05	glue	148
src/introspect/decorator.ts	Decorator	getArguments	method	3	1.5	TS	trivial accessor: returns a field of the view, which P5-10 lazy views fill from the Rust snapshot (or the wrapped AST); a Rust crossing (0.2-1.4 us) costs 2-30x the read (0.1-0.2 us). Stays TS by maintainer decision (accordproject/concerto-rust#276, 2026-09-28)	B:introspect/decorator.js,introspect/decorators.js,decoratormanager.js	-	n=4 decoratormanager.js:2,introspect/decorator.js:1,introspect/decorators.js:1	false	-	P2-07+P4-05	glue	156
src/introspect/decorator.ts	Decorator	isDecorator	method	3	1.5	TS	constant-return member (type/kind marker or fixed default, body is `return <literal>`); stays as-is on the TS class, nothing to port	B:introspect/decorator.js	-	n=1 introspect/decorator.js:1	false	-	-	glue	165
src/introspect/decoratorfactory.ts	DecoratorFactory	newDecorator	method	3	1.5	TS	abstract user extension point: users subclass DecoratorFactory in JS	B:introspect/decoratorfactory.js	-	n=1 introspect/decoratorfactory.js:1	false	-	-	glue	37
src/introspect/enumdeclaration.ts	EnumDeclaration	constructor	ctor	3	1.5	TS	JS class wiring: a constructor that only calls super and/or process() (process runs in Rust and is counted there); kept because the override is in the BC-37 api-snapshot. Stays TS by maintainer decision (accordproject/concerto-rust#276, 2026-09-28)	-	-	-	false	-	P2-04+P4-06	glue	37
src/introspect/enumdeclaration.ts	EnumDeclaration	toString	method	3	1.5	PARTIAL	no engine call: a straight-line read of view state (a snapshot field, the wrapped AST node or a child view), a fixed-data builder or a forward to other members; PORTING 1.5 snapshot design allows it on a view, but the member itself runs no Rust (accordproject/concerto-rust#261)	B:introspect/enumdeclaration.js,introspect/mapdeclaration.js,typenotfoundexception.js,+10	-	n=17 typenotfoundexception.js:3,introspect/classdeclaration.js:2,introspect/stringvalidator.js:2,+10files	false	concerto_core::introspect::declaration	P2-04+P4-06	glue	45
src/introspect/enumdeclaration.ts	EnumDeclaration	declarationKind	method	3	1.5	TS	constant-return member (type/kind marker or fixed default, body is `return <literal>`); stays as-is on the TS class, nothing to port	B:introspect/enumdeclaration.js,introspect/assetdeclaration.js,introspect/classdeclaration.js,+4	-	n=7 introspect/assetdeclaration.js:1,introspect/classdeclaration.js:1,introspect/enumdeclaration.js:1,+4files	false	-	-	glue	54
src/introspect/enumvaluedeclaration.ts	EnumValueDeclaration	constructor	ctor	3	1.5	TS	JS class wiring: a constructor that only calls super and/or process() (process runs in Rust and is counted there); kept because the override is in the BC-37 api-snapshot. Stays TS by maintainer decision (accordproject/concerto-rust#276, 2026-09-28)	-	-	-	false	-	P2-04+P4-07	glue	37
src/introspect/enumvaluedeclaration.ts	EnumValueDeclaration	validate	method	3	4.5	TS	forward/orchestration over members counted elsewhere: the logic is in the callee(s) it calls, which is where any Rust work is counted; this body makes no engine call. Stays TS by maintainer decision (accordproject/concerto-rust#276, 2026-09-28) (super.validate)	B:introspect/mapdeclaration.js,introspect/stringvalidator.js,introspect/modelfile.js,+12	-	n=108 introspect/mapdeclaration.js:33,introspect/stringvalidator.js:19,introspect/modelfile.js:15,+15files	false	-	P2-04+P4-07	validation	47
src/introspect/enumvaluedeclaration.ts	EnumValueDeclaration	isEnumValue	method	3	1.5	TS	constant-return member (type/kind marker or fixed default, body is `return <literal>`); stays as-is on the TS class, nothing to port	B:introspect/enumdeclaration.js	-	n=1 introspect/enumdeclaration.js:1	false	-	-	glue	56
src/introspect/eventdeclaration.ts	EventDeclaration	constructor	ctor	3	1.5	TS	JS class wiring: a constructor that only calls super and/or process() (process runs in Rust and is counted there); kept because the override is in the BC-37 api-snapshot. Stays TS by maintainer decision (accordproject/concerto-rust#276, 2026-09-28)	-	-	-	false	-	P2-03+P4-06	glue	35
src/introspect/eventdeclaration.ts	EventDeclaration	process	method	3	1.5	TS	forward/orchestration over members counted elsewhere: the logic is in the callee(s) it calls, which is where any Rust work is counted; this body makes no engine call. Stays TS by maintainer decision (accordproject/concerto-rust#276, 2026-09-28) (super.process; the override is in the BC-37 api-snapshot)	-	-	-	false	-	P2-03+P4-06	glue	45
src/introspect/eventdeclaration.ts	EventDeclaration	declarationKind	method	3	1.5	TS	constant-return member (type/kind marker or fixed default, body is `return <literal>`); stays as-is on the TS class, nothing to port	B:introspect/eventdeclaration.js,introspect/assetdeclaration.js,introspect/classdeclaration.js,+4	-	n=7 introspect/assetdeclaration.js:1,introspect/classdeclaration.js:1,introspect/enumdeclaration.js:1,+4files	false	-	-	glue	54
src/introspect/field.ts	Field	constructor	ctor	4	2	TS	view constructor glue: stores the parent and AST and calls process(), which is counted separately (the Rust snapshot or the collaborator-context fallback for W tests over stubbed parents, plan section 3); no engine call of its own. Stays TS by maintainer decision (accordproject/concerto-rust#276, 2026-09-28)	S:introspect/numbervalidator.js,introspect/stringvalidator.js,introspect/validator.js,serializer/jsonpopulator.js,+1 B:introspect/field.js,introspect/scalars.js	n=133 introspect/stringvalidator.js:44,serializer/jsonpopulator.js:35,introspect/numbervalidator.js:27,+4files	n=19 introspect/scalars.js:10,introspect/field.js:9	true	-	P2-04+P4-07	glue	47
src/introspect/field.ts	Field	process	method	5	2.5	PARTIAL	no engine call: a straight-line read of view state (a snapshot field, the wrapped AST node or a child view), a fixed-data builder or a forward to other members; PORTING 1.5 snapshot design allows it on a view, but the member itself runs no Rust (accordproject/concerto-rust#261)	-	-	-	false	concerto_core::introspect::property	P2-04+P4-07	glue	57
src/introspect/field.ts	Field	getValidator	method	3	1.5	TS	trivial accessor: returns a field of the view, which P5-10 lazy views fill from the Rust snapshot (or the wrapped AST); a Rust crossing (0.2-1.4 us) costs 2-30x the read (0.1-0.2 us). Stays TS by maintainer decision (accordproject/concerto-rust#276, 2026-09-28)	B:introspect/field.js,introspect/scalardeclaration.js	-	n=4 introspect/field.js:2,introspect/scalardeclaration.js:1,models/test.js:1	false	-	P2-04+P4-07	glue	67
src/introspect/field.ts	Field	getDefaultValue	method	3	1.5	TS	trivial accessor: returns a field of the view, which P5-10 lazy views fill from the Rust snapshot (or the wrapped AST); a Rust crossing (0.2-1.4 us) costs 2-30x the read (0.1-0.2 us). Stays TS by maintainer decision (accordproject/concerto-rust#276, 2026-09-28)	B:introspect/field.js,introspect/scalardeclaration.js	-	n=6 introspect/scalardeclaration.js:3,introspect/field.js:1,models/farm2fork.js:1,+1files	false	-	P2-04+P4-07	glue	75
src/introspect/field.ts	Field	toString	method	4	2	PARTIAL	no engine call: a straight-line read of view state (a snapshot field, the wrapped AST node or a child view), a fixed-data builder or a forward to other members; PORTING 1.5 snapshot design allows it on a view, but the member itself runs no Rust (accordproject/concerto-rust#261)	B:introspect/field.js,introspect/mapdeclaration.js,typenotfoundexception.js,+10	-	n=17 typenotfoundexception.js:3,introspect/classdeclaration.js:2,introspect/stringvalidator.js:2,+10files	false	concerto_core::introspect::property	P2-04+P4-07	glue	83
src/introspect/field.ts	Field	isField	method	3	1.5	TS	constant-return member (type/kind marker or fixed default, body is `return <literal>`); stays as-is on the TS class, nothing to port	W:serializer/jsonpopulator.js	-	-	false	-	-	glue	93
src/introspect/field.ts	Field	isTypeScalar	method	12	12	TS	forward/orchestration over members counted elsewhere: the logic is in the callee(s) it calls, which is where any Rust work is counted; this body makes no engine call. Stays TS by maintainer decision (accordproject/concerto-rust#276, 2026-09-28) (resolves the type through ModelFile.resolveType/getType, then the RUST fieldGetScalarField)	-	-	-	false	-	P2-04+P4-07	logic	101
src/introspect/field.ts	Field	getScalarField	method	9	9	PARTIAL	no engine call: the TS body (branches, loops or throw sites) still runs and decides the result and any exception; not yet converted to a delegation. Planned task kept; porting it is follow-up after P5-10 (accordproject/concerto-rust#261)	B:introspect/scalars.js	-	n=10 introspect/scalars.js:10	false	concerto_core::introspect::property	P2-04+P4-07	logic	120
src/introspect/identifieddeclaration.ts	IdentifiedDeclaration	constructor	ctor	4	2	TS	JS class wiring: a constructor that only calls super and/or process() (process runs in Rust and is counted there); kept because the override is in the BC-37 api-snapshot. Stays TS by maintainer decision (accordproject/concerto-rust#276, 2026-09-28)	-	-	-	false	-	P2-03+P4-06	glue	38
src/introspect/illegalmodelexception.ts	IllegalModelException	constructor	ctor	20	10	TS	exception class must stay a JS Error subclass (instanceof / class checks in ~81 assertions, M tests construct it directly); Rust supplies kind/code/params/location and the P4-02 error mapper instantiates this class	B:introspect/illegalmodelexception.js	-	n=6 introspect/illegalmodelexception.js:6	false	-	P1-05+P4-02	glue	41
src/introspect/introspector.ts	Introspector	constructor	ctor	3	1.5	TS	JS class wiring: a constructor that only calls super and/or process() (process runs in Rust and is counted there); kept because the override is in the BC-37 api-snapshot. Stays TS by maintainer decision (accordproject/concerto-rust#276, 2026-09-28)	B:introspect/introspector.js,introspect/decorators.js	-	n=7 introspect/introspector.js:5,introspect/decorators.js:2	false	-	P2-08+P4-08	glue	35
src/introspect/introspector.ts	Introspector	accept	method	3	1.5	TS	visitor dispatch entry point (accept -> visitor.visit); kept in TS, visitors call back into views	B:introspect/introspector.js,serializer/resourcevalidator.js,serializer/instancegenerator.js,+8	-	n=37 serializer/resourcevalidator.js:27,introspect/classdeclaration.js:1,introspect/decorator.js:1,+8files	false	-	-	glue	45
src/introspect/introspector.ts	Introspector	getClassDeclarations	method	13	13	TS	trivial accessor or filter over lazily built views: the state it reads was computed by Rust at load; a crossing costs more than it saves. Stays TS by maintainer decision (accordproject/concerto-rust#276, 2026-09-28) (a filter over the model-file views)	B:introspect/introspector.js,introspect/modelfile.js	-	n=2 introspect/introspector.js:1,introspect/modelfile.js:1	false	-	P2-08+P4-08	logic	53
src/introspect/introspector.ts	Introspector	getClassDeclaration	method	3	1.5	TS	forward/orchestration over members counted elsewhere: the logic is in the callee(s) it calls, which is where any Rust work is counted; this body makes no engine call. Stays TS by maintainer decision (accordproject/concerto-rust#276, 2026-09-28) (ModelManager.getType)	B:introspect/introspector.js,introspect/decorators.js,serializer/instancegenerator.js,+3	-	n=8 introspect/decorators.js:2,introspect/introspector.js:2,model/concept.js:1,+3files	false	-	P2-08+P4-08	glue	74
src/introspect/introspector.ts	Introspector	getModelManager	method	3	1.5	TS	trivial accessor: returns a field of the view, which P5-10 lazy views fill from the Rust snapshot (or the wrapped AST); a Rust crossing (0.2-1.4 us) costs 2-30x the read (0.1-0.2 us). Stays TS by maintainer decision (accordproject/concerto-rust#276, 2026-09-28)	W:modelutil.js B:introspect/introspector.js	-	n=1 introspect/introspector.js:1	false	-	P2-08+P4-08	glue	83
src/introspect/mapdeclaration.ts	MapDeclaration	constructor	ctor	5	2.5	TS	view constructor glue: stores the parent and AST and calls process(), which is counted separately (the Rust snapshot or the collaborator-context fallback for W tests over stubbed parents, plan section 3); no engine call of its own. Stays TS by maintainer decision (accordproject/concerto-rust#276, 2026-09-28)	B:introspect/mapdeclaration.js	-	n=28 introspect/mapdeclaration.js:28	false	-	P2-06+P4-07	glue	46
src/introspect/mapdeclaration.ts	MapDeclaration	process	method	14	14	PARTIAL	no engine call: a straight-line read of view state (a snapshot field, the wrapped AST node or a child view), a fixed-data builder or a forward to other members; PORTING 1.5 snapshot design allows it on a view, but the member itself runs no Rust (accordproject/concerto-rust#261)	-	-	-	false	concerto_core::introspect::map	P2-06+P4-07	logic	58
src/introspect/mapdeclaration.ts	MapDeclaration	validate	method	5	7.5	TS	forward/orchestration over members counted elsewhere: the logic is in the callee(s) it calls, which is where any Rust work is counted; this body makes no engine call. Stays TS by maintainer decision (accordproject/concerto-rust#276, 2026-09-28) (super.validate and the key/value validate, which run in Rust)	B:introspect/mapdeclaration.js,introspect/stringvalidator.js,introspect/modelfile.js,+12	-	n=108 introspect/mapdeclaration.js:33,introspect/stringvalidator.js:19,introspect/modelfile.js:15,+15files	false	-	P2-06+P4-07	validation	79
src/introspect/mapdeclaration.ts	MapDeclaration	getKey	method	3	1.5	TS	trivial accessor: returns a field of the view, which P5-10 lazy views fill from the Rust snapshot (or the wrapped AST); a Rust crossing (0.2-1.4 us) costs 2-30x the read (0.1-0.2 us). Stays TS by maintainer decision (accordproject/concerto-rust#276, 2026-09-28)	B:introspect/mapdeclaration.js	-	n=11 introspect/mapdeclaration.js:11	false	-	P2-06+P4-07	glue	90
src/introspect/mapdeclaration.ts	MapDeclaration	getValue	method	3	1.5	TS	trivial accessor: returns a field of the view, which P5-10 lazy views fill from the Rust snapshot (or the wrapped AST); a Rust crossing (0.2-1.4 us) costs 2-30x the read (0.1-0.2 us). Stays TS by maintainer decision (accordproject/concerto-rust#276, 2026-09-28)	B:introspect/mapdeclaration.js	-	n=17 introspect/mapdeclaration.js:17	false	-	P2-06+P4-07	glue	99
src/introspect/mapdeclaration.ts	MapDeclaration	toString	method	3	1.5	TS	forward/orchestration over members counted elsewhere: the logic is in the callee(s) it calls, which is where any Rust work is counted; this body makes no engine call. Stays TS by maintainer decision (accordproject/concerto-rust#276, 2026-09-28)	B:introspect/mapdeclaration.js,typenotfoundexception.js,introspect/classdeclaration.js,+10	-	n=17 typenotfoundexception.js:3,introspect/classdeclaration.js:2,introspect/stringvalidator.js:2,+10files	false	-	P2-06+P4-07	glue	107
src/introspect/mapdeclaration.ts	MapDeclaration	declarationKind	method	3	1.5	TS	constant-return member (type/kind marker or fixed default, body is `return <literal>`); stays as-is on the TS class, nothing to port	B:introspect/mapdeclaration.js,introspect/assetdeclaration.js,introspect/classdeclaration.js,+4	-	n=7 introspect/assetdeclaration.js:1,introspect/classdeclaration.js:1,introspect/enumdeclaration.js:1,+4files	false	-	-	glue	116
src/introspect/mapdeclaration.ts	MapDeclaration	isMapDeclaration	method	3	1.5	TS	constant-return member (type/kind marker or fixed default, body is `return <literal>`); stays as-is on the TS class, nothing to port	B:introspect/mapdeclaration.js,introspect/classdeclaration.js,introspect/declaration.js	-	n=3 introspect/classdeclaration.js:1,introspect/declaration.js:1,introspect/mapdeclaration.js:1	false	-	-	glue	125
src/introspect/mapkeytype.ts	MapKeyType	constructor	ctor	6	3	TS	JS class wiring: a constructor that only calls super and/or process() (process runs in Rust and is counted there); kept because the override is in the BC-37 api-snapshot. Stays TS by maintainer decision (accordproject/concerto-rust#276, 2026-09-28)	-	-	-	false	-	P2-06+P4-07	glue	45
src/introspect/mapkeytype.ts	MapKeyType	process	method	5	2.5	PARTIAL	no engine call: a straight-line read of view state (a snapshot field, the wrapped AST node or a child view), a fixed-data builder or a forward to other members; PORTING 1.5 snapshot design allows it on a view, but the member itself runs no Rust (accordproject/concerto-rust#261)	-	-	-	false	concerto_core::introspect::map	P2-06+P4-07	glue	58
src/introspect/mapkeytype.ts	MapKeyType	validate	method	3	4.5	RUST		B:introspect/mapdeclaration.js,introspect/stringvalidator.js,introspect/modelfile.js,+12	-	n=108 introspect/mapdeclaration.js:33,introspect/stringvalidator.js:19,introspect/modelfile.js:15,+15files	false	concerto_core::introspect::map	P2-06+P4-07	validation	70
src/introspect/mapkeytype.ts	MapKeyType	getModelFile	method	3	1.5	TS	forward/orchestration over members counted elsewhere: the logic is in the callee(s) it calls, which is where any Rust work is counted; this body makes no engine call. Stays TS by maintainer decision (accordproject/concerto-rust#276, 2026-09-28)	W:introspect/assetdeclaration.js,introspect/field.js,introspect/property.js,introspect/property_ex.js,+2 B:modelmanager.js,decoratormanager.js,introspect/modelfile.js,+8	-	n=47 modelmanager.js:14,introspect/modelfile.js:9,decoratormanager.js:6,+12files	false	-	P2-06+P4-07	glue	80
src/introspect/mapkeytype.ts	MapKeyType	getParent	method	3	1.5	TS	trivial accessor: returns a field of the view, which P5-10 lazy views fill from the Rust snapshot (or the wrapped AST); a Rust crossing (0.2-1.4 us) costs 2-30x the read (0.1-0.2 us). Stays TS by maintainer decision (accordproject/concerto-rust#276, 2026-09-28)	W:introspect/property_ex.js B:introspect/mapdeclaration.js,introspect/decorator.js,introspect/relationshipdeclaration.js	-	n=3 introspect/decorator.js:1,introspect/mapdeclaration.js:1,introspect/relationshipdeclaration.js:1	false	-	P2-06+P4-07	glue	89
src/introspect/mapkeytype.ts	MapKeyType	getType	method	3	1.5	TS	trivial accessor: returns a field of the view, which P5-10 lazy views fill from the Rust snapshot (or the wrapped AST); a Rust crossing (0.2-1.4 us) costs 2-30x the read (0.1-0.2 us). Stays TS by maintainer decision (accordproject/concerto-rust#276, 2026-09-28)	W:introspect/assetdeclaration.js,introspect/relationshipdeclaration.js,introspect/scalars.js,modelutil.js,+1 B:serializer/resourcevalidator.js,introspect/classdeclaration.js,decoratormanager.js,+23	-	n=335 serializer/jsonpopulator.js:62,serializer/jsongenerator.js:33,serializer/resourcevalidator.js:29,+29files	false	-	P2-06+P4-07	glue	99
src/introspect/mapkeytype.ts	MapKeyType	toString	method	3	1.5	TS	forward/orchestration over members counted elsewhere: the logic is in the callee(s) it calls, which is where any Rust work is counted; this body makes no engine call. Stays TS by maintainer decision (accordproject/concerto-rust#276, 2026-09-28)	B:introspect/mapdeclaration.js,typenotfoundexception.js,introspect/classdeclaration.js,+10	-	n=17 typenotfoundexception.js:3,introspect/classdeclaration.js:2,introspect/stringvalidator.js:2,+10files	false	-	P2-06+P4-07	glue	107
src/introspect/mapkeytype.ts	MapKeyType	isKey	method	3	1.5	TS	constant-return member (type/kind marker or fixed default, body is `return <literal>`); stays as-is on the TS class, nothing to port	B:introspect/mapdeclaration.js	-	n=2 introspect/mapdeclaration.js:2	false	-	-	glue	116
src/introspect/mapkeytype.ts	MapKeyType	isValue	method	3	1.5	TS	constant-return member (type/kind marker or fixed default, body is `return <literal>`); stays as-is on the TS class, nothing to port	B:introspect/mapdeclaration.js	-	n=2 introspect/mapdeclaration.js:2	false	-	-	glue	125
src/introspect/mapkeytype.ts	MapKeyType	getNamespace	method	3	1.5	TS	forward/orchestration over members counted elsewhere: the logic is in the callee(s) it calls, which is where any Rust work is counted; this body makes no engine call. Stays TS by maintainer decision (accordproject/concerto-rust#276, 2026-09-28)	W:serializer/jsonpopulator.js B:modelmanager.js,model/relationship.js,introspect/mapdeclaration.js,+4	-	n=20 model/relationship.js:5,modelmanager.js:5,models/test.js:3,+6files	false	-	P2-06+P4-07	glue	133
src/introspect/mapvaluetype.ts	MapValueType	constructor	ctor	6	3	TS	JS class wiring: a constructor that only calls super and/or process() (process runs in Rust and is counted there); kept because the override is in the BC-37 api-snapshot. Stays TS by maintainer decision (accordproject/concerto-rust#276, 2026-09-28)	-	-	-	false	-	P2-06+P4-07	glue	44
src/introspect/mapvaluetype.ts	MapValueType	process	method	5	2.5	PARTIAL	no engine call: a straight-line read of view state (a snapshot field, the wrapped AST node or a child view), a fixed-data builder or a forward to other members; PORTING 1.5 snapshot design allows it on a view, but the member itself runs no Rust (accordproject/concerto-rust#261)	-	-	-	false	concerto_core::introspect::map	P2-06+P4-07	glue	57
src/introspect/mapvaluetype.ts	MapValueType	validate	method	3	4.5	RUST		B:introspect/mapdeclaration.js,introspect/stringvalidator.js,introspect/modelfile.js,+12	-	n=108 introspect/mapdeclaration.js:33,introspect/stringvalidator.js:19,introspect/modelfile.js:15,+15files	false	concerto_core::introspect::map	P2-06+P4-07	validation	69
src/introspect/mapvaluetype.ts	MapValueType	getModelFile	method	3	1.5	TS	forward/orchestration over members counted elsewhere: the logic is in the callee(s) it calls, which is where any Rust work is counted; this body makes no engine call. Stays TS by maintainer decision (accordproject/concerto-rust#276, 2026-09-28)	W:introspect/assetdeclaration.js,introspect/field.js,introspect/property.js,introspect/property_ex.js,+2 B:modelmanager.js,decoratormanager.js,introspect/modelfile.js,+8	-	n=47 modelmanager.js:14,introspect/modelfile.js:9,decoratormanager.js:6,+12files	false	-	P2-06+P4-07	glue	79
src/introspect/mapvaluetype.ts	MapValueType	getParent	method	3	1.5	TS	trivial accessor: returns a field of the view, which P5-10 lazy views fill from the Rust snapshot (or the wrapped AST); a Rust crossing (0.2-1.4 us) costs 2-30x the read (0.1-0.2 us). Stays TS by maintainer decision (accordproject/concerto-rust#276, 2026-09-28)	W:introspect/property_ex.js B:introspect/mapdeclaration.js,introspect/decorator.js,introspect/relationshipdeclaration.js	-	n=3 introspect/decorator.js:1,introspect/mapdeclaration.js:1,introspect/relationshipdeclaration.js:1	false	-	P2-06+P4-07	glue	88
src/introspect/mapvaluetype.ts	MapValueType	getType	method	3	1.5	TS	trivial accessor: returns a field of the view, which P5-10 lazy views fill from the Rust snapshot (or the wrapped AST); a Rust crossing (0.2-1.4 us) costs 2-30x the read (0.1-0.2 us). Stays TS by maintainer decision (accordproject/concerto-rust#276, 2026-09-28)	W:introspect/assetdeclaration.js,introspect/relationshipdeclaration.js,introspect/scalars.js,modelutil.js,+1 B:serializer/resourcevalidator.js,introspect/classdeclaration.js,decoratormanager.js,+23	-	n=335 serializer/jsonpopulator.js:62,serializer/jsongenerator.js:33,serializer/resourcevalidator.js:29,+29files	false	-	P2-06+P4-07	glue	98
src/introspect/mapvaluetype.ts	MapValueType	toString	method	3	1.5	TS	forward/orchestration over members counted elsewhere: the logic is in the callee(s) it calls, which is where any Rust work is counted; this body makes no engine call. Stays TS by maintainer decision (accordproject/concerto-rust#276, 2026-09-28)	B:introspect/mapdeclaration.js,typenotfoundexception.js,introspect/classdeclaration.js,+10	-	n=17 typenotfoundexception.js:3,introspect/classdeclaration.js:2,introspect/stringvalidator.js:2,+10files	false	-	P2-06+P4-07	glue	106
src/introspect/mapvaluetype.ts	MapValueType	isKey	method	3	1.5	TS	constant-return member (type/kind marker or fixed default, body is `return <literal>`); stays as-is on the TS class, nothing to port	B:introspect/mapdeclaration.js	-	n=2 introspect/mapdeclaration.js:2	false	-	-	glue	115
src/introspect/mapvaluetype.ts	MapValueType	isValue	method	3	1.5	TS	constant-return member (type/kind marker or fixed default, body is `return <literal>`); stays as-is on the TS class, nothing to port	B:introspect/mapdeclaration.js	-	n=2 introspect/mapdeclaration.js:2	false	-	-	glue	124
src/introspect/mapvaluetype.ts	MapValueType	getNamespace	method	3	1.5	TS	forward/orchestration over members counted elsewhere: the logic is in the callee(s) it calls, which is where any Rust work is counted; this body makes no engine call. Stays TS by maintainer decision (accordproject/concerto-rust#276, 2026-09-28)	W:serializer/jsonpopulator.js B:modelmanager.js,model/relationship.js,introspect/mapdeclaration.js,+4	-	n=20 model/relationship.js:5,modelmanager.js:5,models/test.js:3,+6files	false	-	P2-06+P4-07	glue	132
src/introspect/metamodel.ts		newMetaModelManager	function	11	11	TS	fixed-data builder: returns or adds a fixed system model/field definition (rootmodel.json/decoratormodel.json are duplicated in concerto-rust src/); no model logic to port. Stays TS by maintainer decision (accordproject/concerto-rust#276, 2026-09-28)	-	-	-	false	-	P3-04+P4-08	logic	33
src/introspect/metamodel.ts		validateMetaModel	function	30	45	RUST		B:introspect/metamodel.js	-	n=7 introspect/metamodel.js:7	false	concerto_core::instance::metamodel	P3-04+P4-08	validation	50
src/introspect/metamodel.ts		modelManagerFromMetaModel	function	14	14	TS	forward/orchestration over members counted elsewhere: the logic is in the callee(s) it calls, which is where any Rust work is counted; this body makes no engine call. Stays TS by maintainer decision (accordproject/concerto-rust#276, 2026-09-28) (orchestration over RUST members)	B:introspect/metamodel.js	-	n=1 introspect/metamodel.js:1	false	-	P3-04+P4-08	logic	86
src/introspect/modelfile.ts	ModelFile	constructor	ctor	99	148.5	HYBRID	argument checks and view-field set-up stay JS; the AST shape check (P5-49), staging and the header come from Rust (checkAstShape, stageModelFile, _fromAstHeader). P5-35 (BC-47) removed the collaborator-context fallback over stub ModelManagers: a manager the BaseModelManager constructor did not build is a TypeError. Reason updated at the P5-64 re-audit (accordproject/concerto-rust#401)	S:introspect/assetdeclaration.js,introspect/declaration.js,introspect/decorated.js,introspect/field.js,+4 B:introspect/modelfile.js,decoratormanager.js,introspect/classdeclaration.js,+5	n=68 modelmanager.js:19,introspect/scalars.js:10,introspect/field.js:9,+5files	n=42 introspect/property.js:14,decoratormanager.js:8,introspect/classdeclaration.js:8,+4files	true	concerto_core::introspect::model_file	P2-08+P4-08	validation	117
src/introspect/modelfile.ts	ModelFile	_sharedView	static	9	9	PARTIAL	no engine call: the TS body (branches, loops or throw sites) still runs and decides the result and any exception; not yet converted to a delegation. Planned task kept; porting it is follow-up after P5-10 (accordproject/concerto-rust#261)	-	-	-	false	concerto_core::introspect::model_file	P2-08+P4-08	logic	241
src/introspect/modelfile.ts	ModelFile	_copyHeader	method	10	10	PARTIAL	no engine call: a straight-line read of view state (a snapshot field, the wrapped AST node or a child view), a fixed-data builder or a forward to other members; PORTING 1.5 snapshot design allows it on a view, but the member itself runs no Rust (accordproject/concerto-rust#261)	-	-	-	false	concerto_core::introspect::model_file	P2-08+P4-08	logic	260
src/introspect/modelfile.ts	ModelFile	getModelFile	method	3	1.5	TS	returns `this`; nothing to port	W:introspect/assetdeclaration.js,introspect/field.js,introspect/property.js,introspect/property_ex.js,+2 B:introspect/modelfile.js,modelmanager.js,decoratormanager.js,+8	-	n=47 modelmanager.js:14,introspect/modelfile.js:9,decoratormanager.js:6,+12files	false	-	-	glue	277
src/introspect/modelfile.ts	ModelFile	isModelFile	method	3	1.5	TS	constant-return member (type/kind marker or fixed default, body is `return <literal>`); stays as-is on the TS class, nothing to port	B:introspect/modelfile.js	-	n=1 introspect/modelfile.js:1	false	-	-	glue	285
src/introspect/modelfile.ts	ModelFile	_isConstructed	static	3	1.5	TS	JS object-identity check (P5-34): whether the ModelFile constructor built this object; no model logic. Classified at the P5-64 re-audit (accordproject/concerto-rust#401)	-	-	-	false	-	-	glue	298
src/introspect/modelfile.ts	ModelFile	_registerManager	static	3	1.5	TS	JS bookkeeping (P5-35, BC-47): records a BaseModelManager as engine-backed; no model logic. Classified at the P5-64 re-audit (accordproject/concerto-rust#401)	-	-	-	false	-	-	glue	310
src/introspect/modelfile.ts	ModelFile	_rustHandleId	method	9	9	TS	engine shim (P4-02/P5-02): plumbing that loads or calls the Rust engine, not ported TS model logic; the model behaviour itself runs in Rust. Classified at the P5-64 re-audit (accordproject/concerto-rust#401) (the rustHandle arena id of this file when it is registered, through BaseModelManager._rustModelFileId; the callers that use the id are counted where they call the engine)	-	-	-	false	-	-	logic	327
src/introspect/modelfile.ts	ModelFile	_isRegistered	method	15	15	TS	engine shim (P4-02/P5-02): plumbing that loads or calls the Rust engine, not ported TS model logic; the model behaviour itself runs in Rust. Classified at the P5-64 re-audit (accordproject/concerto-rust#401) (whether this file is the one its manager has registered and mirrored; the scan counts `_rustHandleMatchesModelFiles` by name, but that is a flag read since P5-34, not an engine call)	-	-	-	false	-	P2-08+P4-08	logic	348
src/introspect/modelfile.ts	ModelFile	getVersion	method	6	6	TS	trivial accessor: returns a field of the view, which P5-10 lazy views fill from the Rust snapshot (or the wrapped AST); a Rust crossing (0.2-1.4 us) costs 2-30x the read (0.1-0.2 us). P5-32 made it field-backed (`this.version`, written by Rust at construction). Classified at the P5-64 re-audit (accordproject/concerto-rust#401)	-	-	-	false	-	P2-08+P4-08	logic	369
src/introspect/modelfile.ts	ModelFile	isSystemModelFile	method	9	9	TS	trivial accessor: returns a field of the view, which P5-10 lazy views fill from the Rust snapshot (or the wrapped AST); a Rust crossing (0.2-1.4 us) costs 2-30x the read (0.1-0.2 us). P5-32 made it field-backed (a prefix test of `this.namespace`, written by Rust at construction). Classified at the P5-64 re-audit (accordproject/concerto-rust#401)	B:modelmanager.js	-	n=1 modelmanager.js:1	false	-	P2-08+P4-08	logic	380
src/introspect/modelfile.ts	ModelFile	isExternal	method	3	1.5	TS	trivial accessor: returns a field of the view, which P5-10 lazy views fill from the Rust snapshot (or the wrapped AST); a Rust crossing (0.2-1.4 us) costs 2-30x the read (0.1-0.2 us). Stays TS by maintainer decision (accordproject/concerto-rust#276, 2026-09-28)	B:introspect/modelfile.js,modelmanager.js	-	n=4 introspect/modelfile.js:2,modelmanager.js:2	false	-	P2-08+P4-08	glue	394
src/introspect/modelfile.ts	ModelFile	getImportURI	method	9	9	TS	trivial accessor or filter over lazily built views: the state it reads was computed by Rust at load; a crossing costs more than it saves. Stays TS by maintainer decision (accordproject/concerto-rust#276, 2026-09-28) (a map read of the header)	B:introspect/modelfile.js	-	n=1 introspect/modelfile.js:1	false	-	P2-08+P4-08	logic	404
src/introspect/modelfile.ts	ModelFile	getExternalImports	method	7	7	TS	trivial accessor: returns a field of the view, which P5-10 lazy views fill from the Rust snapshot (or the wrapped AST); a Rust crossing (0.2-1.4 us) costs 2-30x the read (0.1-0.2 us). P5-32 made it field-backed (`this.importUriMap`, written by Rust at construction; a copy for a registered file). Classified at the P5-64 re-audit (accordproject/concerto-rust#401)	B:introspect/modelfile.js	-	n=1 introspect/modelfile.js:1	false	-	P2-08+P4-08	logic	419
src/introspect/modelfile.ts	ModelFile	accept	method	3	1.5	TS	visitor dispatch entry point (accept -> visitor.visit); kept in TS, visitors call back into views	B:introspect/modelfile.js,serializer/resourcevalidator.js,serializer/instancegenerator.js,+8	-	n=37 serializer/resourcevalidator.js:27,introspect/classdeclaration.js:1,introspect/decorator.js:1,+8files	false	-	-	glue	433
src/introspect/modelfile.ts	ModelFile	getModelManager	method	3	1.5	TS	trivial accessor: returns a field of the view, which P5-10 lazy views fill from the Rust snapshot (or the wrapped AST); a Rust crossing (0.2-1.4 us) costs 2-30x the read (0.1-0.2 us). Stays TS by maintainer decision (accordproject/concerto-rust#276, 2026-09-28)	W:modelutil.js B:introspect/introspector.js	-	n=1 introspect/introspector.js:1	false	-	P2-08+P4-08	glue	442
src/introspect/modelfile.ts	ModelFile	getImports	method	23	23	RUST		B:introspect/modelfile.js	-	n=6 introspect/modelfile.js:4,models/test.js:2	false	concerto_core::introspect::model_file	P2-08+P4-08	logic	452
src/introspect/modelfile.ts	ModelFile	_engineValidationError	method	9	9	TS	JS error mapping: re-attaches an engine IllegalModelException to this model file (its file name and location); Rust decided the error. Classified at the P5-64 re-audit (accordproject/concerto-rust#401)	-	-	-	false	-	P2-08+P4-08	logic	504
src/introspect/modelfile.ts	ModelFile	validate	method	24	36	RUST		B:introspect/modelfile.js,introspect/mapdeclaration.js,introspect/stringvalidator.js,+12	-	n=108 introspect/mapdeclaration.js:33,introspect/stringvalidator.js:19,introspect/modelfile.js:15,+15files	false	concerto_core::introspect::model_file	P2-08+P4-08	validation	520
src/introspect/modelfile.ts	ModelFile	resolveType	method	30	45	RUST		B:modelmanager.js,composer/i18n.js	-	n=5 modelmanager.js:4,composer/i18n.js:1	false	concerto_core::introspect::model_file	P2-08+P4-08	validation	557
src/introspect/modelfile.ts	ModelFile	isLocalType	method	15	15	RUST		-	-	n=2 models/test.js:2	false	concerto_core::introspect::model_file	P2-08+P4-08	logic	594
src/introspect/modelfile.ts	ModelFile	isImportedType	method	3	1.5	TS	trivial accessor or filter over lazily built views: the state it reads was computed by Rust at load; a crossing costs more than it saves. Stays TS by maintainer decision (accordproject/concerto-rust#276, 2026-09-28) (a set lookup)	B:introspect/modelfile.js	-	n=5 introspect/modelfile.js:3,models/test.js:2	false	-	P2-08+P4-08	glue	616
src/introspect/modelfile.ts	ModelFile	resolveImport	method	13	19.5	TS	trivial accessor or filter over lazily built views: the state it reads was computed by Rust at load; a crossing costs more than it saves. Stays TS by maintainer decision (accordproject/concerto-rust#276, 2026-09-28) (a lookup in the import map of the header; 148 ns in TS against 1.4 us for a string crossing, on the getType hot path)	B:introspect/modelfile.js,introspect/introspector.js	-	n=5 introspect/modelfile.js:4,introspect/introspector.js:1	false	-	P2-08+P4-08	validation	627
src/introspect/modelfile.ts	ModelFile	getImportedType	method	4	2	TS	forward/orchestration over members counted elsewhere: the logic is in the callee(s) it calls, which is where any Rust work is counted; this body makes no engine call. Stays TS by maintainer decision (accordproject/concerto-rust#276, 2026-09-28) (resolveImport)	B:introspect/modelfile.js	-	n=1 introspect/modelfile.js:1	false	-	P2-08+P4-08	glue	646
src/introspect/modelfile.ts	ModelFile	isDefined	method	3	1.5	TS	forward/orchestration over members counted elsewhere: the logic is in the callee(s) it calls, which is where any Rust work is counted; this body makes no engine call. Stays TS by maintainer decision (accordproject/concerto-rust#276, 2026-09-28) (ModelUtil.isPrimitiveType, getLocalType)	B:introspect/modelfile.js	-	n=3 introspect/modelfile.js:3	false	-	P2-08+P4-08	glue	656
src/introspect/modelfile.ts	ModelFile	getType	method	47	47	RUST		W:introspect/assetdeclaration.js,introspect/relationshipdeclaration.js,introspect/scalars.js,modelutil.js,+1 B:introspect/modelfile.js,serializer/resourcevalidator.js,introspect/classdeclaration.js,+23	-	n=335 serializer/jsonpopulator.js:62,serializer/jsongenerator.js:33,serializer/resourcevalidator.js:29,+29files	false	concerto_core::introspect::model_file	P2-08+P4-08	logic	667
src/introspect/modelfile.ts	ModelFile	getFullyQualifiedTypeName	method	30	30	RUST		W:introspect/field.js,modelutil.js,serializer/jsonpopulator.js B:introspect/modelfile.js,introspect/property_ex.js,modelmanager.js,+1	n=1 introspect/property_ex.js:1	n=8 introspect/property_ex.js:3,introspect/modelfile.js:2,modelmanager.js:2,+1files	false	concerto_core::introspect::model_file	P2-08+P4-08	logic	722
src/introspect/modelfile.ts	ModelFile	getLocalType	method	22	22	PARTIAL	no engine call: the TS body (branches, loops or throw sites) still runs and decides the result and any exception; not yet converted to a delegation. Planned task kept; porting it is follow-up after P5-10 (accordproject/concerto-rust#261)	-	-	-	false	concerto_core::introspect::model_file	P2-08+P4-08	logic	758
src/introspect/modelfile.ts	ModelFile	getAssetDeclaration	method	8	8	TS	trivial accessor or filter over lazily built views: the state it reads was computed by Rust at load; a crossing costs more than it saves. Stays TS by maintainer decision (accordproject/concerto-rust#276, 2026-09-28) (getLocalType plus a kind check)	B:introspect/modelfile.js	-	n=4 introspect/modelfile.js:2,models/farm2fork.js:1,models/test.js:1	false	-	P2-08+P4-08	logic	786
src/introspect/modelfile.ts	ModelFile	getTransactionDeclaration	method	8	8	TS	trivial accessor or filter over lazily built views: the state it reads was computed by Rust at load; a crossing costs more than it saves. Stays TS by maintainer decision (accordproject/concerto-rust#276, 2026-09-28) (getLocalType plus a kind check)	B:introspect/modelfile.js,introspect/transactiondeclaration.js	-	n=5 introspect/modelfile.js:2,introspect/transactiondeclaration.js:1,models/farm2fork.js:1,+1files	false	-	P2-08+P4-08	logic	800
src/introspect/modelfile.ts	ModelFile	getEventDeclaration	method	8	8	TS	trivial accessor or filter over lazily built views: the state it reads was computed by Rust at load; a crossing costs more than it saves. Stays TS by maintainer decision (accordproject/concerto-rust#276, 2026-09-28) (getLocalType plus a kind check)	B:introspect/modelfile.js,introspect/eventdeclaration.js	-	n=4 introspect/eventdeclaration.js:2,introspect/modelfile.js:2	false	-	P2-08+P4-08	logic	814
src/introspect/modelfile.ts	ModelFile	getParticipantDeclaration	method	8	8	TS	trivial accessor or filter over lazily built views: the state it reads was computed by Rust at load; a crossing costs more than it saves. Stays TS by maintainer decision (accordproject/concerto-rust#276, 2026-09-28) (getLocalType plus a kind check)	B:introspect/modelfile.js	-	n=2 introspect/modelfile.js:2	false	-	P2-08+P4-08	logic	828
src/introspect/modelfile.ts	ModelFile	getNamespace	method	3	1.5	TS	trivial accessor: returns a field of the view, which P5-10 lazy views fill from the Rust snapshot (or the wrapped AST); a Rust crossing (0.2-1.4 us) costs 2-30x the read (0.1-0.2 us). Stays TS by maintainer decision (accordproject/concerto-rust#276, 2026-09-28)	W:serializer/jsonpopulator.js B:introspect/modelfile.js,modelmanager.js,model/relationship.js,+4	-	n=20 model/relationship.js:5,modelmanager.js:5,models/test.js:3,+6files	false	-	P2-08+P4-08	glue	842
src/introspect/modelfile.ts	ModelFile	getName	method	3	1.5	TS	trivial accessor: returns a field of the view, which P5-10 lazy views fill from the Rust snapshot (or the wrapped AST); a Rust crossing (0.2-1.4 us) costs 2-30x the read (0.1-0.2 us). Stays TS by maintainer decision (accordproject/concerto-rust#276, 2026-09-28)	W:introspect/illegalmodelexception.js,modelutil.js,serializer/resourcevalidator.js B:introspect/modelfile.js,introspect/classdeclaration.js,modelmanager.js,+3	-	n=27 introspect/classdeclaration.js:10,modelmanager.js:9,introspect/modelfile.js:3,+5files	false	-	P2-08+P4-08	glue	850
src/introspect/modelfile.ts	ModelFile	getAssetDeclarations	method	3	1.5	TS	forward/orchestration over members counted elsewhere: the logic is in the callee(s) it calls, which is where any Rust work is counted; this body makes no engine call. Stays TS by maintainer decision (accordproject/concerto-rust#276, 2026-09-28) (getDeclarations)	B:introspect/assetdeclaration.js,modelmanager.js	-	n=3 modelmanager.js:1,models/farm2fork.js:1,models/test.js:1	false	-	P2-08+P4-08	glue	858
src/introspect/modelfile.ts	ModelFile	getTransactionDeclarations	method	3	1.5	TS	forward/orchestration over members counted elsewhere: the logic is in the callee(s) it calls, which is where any Rust work is counted; this body makes no engine call. Stays TS by maintainer decision (accordproject/concerto-rust#276, 2026-09-28) (getDeclarations)	B:modelmanager.js	-	n=3 modelmanager.js:1,models/farm2fork.js:1,models/test.js:1	false	-	P2-08+P4-08	glue	866
src/introspect/modelfile.ts	ModelFile	getEventDeclarations	method	3	1.5	TS	forward/orchestration over members counted elsewhere: the logic is in the callee(s) it calls, which is where any Rust work is counted; this body makes no engine call. Stays TS by maintainer decision (accordproject/concerto-rust#276, 2026-09-28) (getDeclarations)	B:introspect/modelfile.js,modelmanager.js	-	n=3 introspect/modelfile.js:2,modelmanager.js:1	false	-	P2-08+P4-08	glue	874
src/introspect/modelfile.ts	ModelFile	getParticipantDeclarations	method	3	1.5	TS	forward/orchestration over members counted elsewhere: the logic is in the callee(s) it calls, which is where any Rust work is counted; this body makes no engine call. Stays TS by maintainer decision (accordproject/concerto-rust#276, 2026-09-28) (getDeclarations)	B:introspect/participantdeclaration.js,modelmanager.js	-	n=2 introspect/participantdeclaration.js:1,modelmanager.js:1	false	-	P2-08+P4-08	glue	882
src/introspect/modelfile.ts	ModelFile	getClassDeclarations	method	3	1.5	TS	forward/orchestration over members counted elsewhere: the logic is in the callee(s) it calls, which is where any Rust work is counted; this body makes no engine call. Stays TS by maintainer decision (accordproject/concerto-rust#276, 2026-09-28) (getDeclarations)	B:introspect/modelfile.js,introspect/introspector.js	-	n=2 introspect/introspector.js:1,introspect/modelfile.js:1	false	-	P2-08+P4-08	glue	890
src/introspect/modelfile.ts	ModelFile	getConceptDeclarations	method	3	1.5	TS	forward/orchestration over members counted elsewhere: the logic is in the callee(s) it calls, which is where any Rust work is counted; this body makes no engine call. Stays TS by maintainer decision (accordproject/concerto-rust#276, 2026-09-28) (getDeclarations)	B:modelmanager.js	-	n=2 modelmanager.js:1,models/model.js:1	false	-	P2-08+P4-08	glue	898
src/introspect/modelfile.ts	ModelFile	getEnumDeclarations	method	3	1.5	TS	forward/orchestration over members counted elsewhere: the logic is in the callee(s) it calls, which is where any Rust work is counted; this body makes no engine call. Stays TS by maintainer decision (accordproject/concerto-rust#276, 2026-09-28) (getDeclarations)	B:introspect/modelfile.js,modelmanager.js	-	n=2 introspect/modelfile.js:1,modelmanager.js:1	false	-	P2-08+P4-08	glue	906
src/introspect/modelfile.ts	ModelFile	getMapDeclarations	method	3	1.5	TS	forward/orchestration over members counted elsewhere: the logic is in the callee(s) it calls, which is where any Rust work is counted; this body makes no engine call. Stays TS by maintainer decision (accordproject/concerto-rust#276, 2026-09-28) (getDeclarations)	B:modelmanager.js	-	n=1 modelmanager.js:1	false	-	P2-08+P4-08	glue	914
src/introspect/modelfile.ts	ModelFile	getScalarDeclarations	method	3	1.5	TS	forward/orchestration over members counted elsewhere: the logic is in the callee(s) it calls, which is where any Rust work is counted; this body makes no engine call. Stays TS by maintainer decision (accordproject/concerto-rust#276, 2026-09-28) (getDeclarations)	B:introspect/modelfile.js	-	n=1 introspect/modelfile.js:1	false	-	P2-08+P4-08	glue	922
src/introspect/modelfile.ts	ModelFile	getDeclarations	method	11	11	TS	takes a JS class constructor and filters the lazily built declaration views with instanceof (a JS-only concern); no engine call. Stays TS by maintainer decision (accordproject/concerto-rust#276, 2026-09-28)	B:introspect/enumdeclaration.js,introspect/introspectutils.js	-	-	false	-	P2-08+P4-08	logic	931
src/introspect/modelfile.ts	ModelFile	getAllDeclarations	method	3	1.5	TS	trivial accessor: returns a field of the view, which P5-10 lazy views fill from the Rust snapshot (or the wrapped AST); a Rust crossing (0.2-1.4 us) costs 2-30x the read (0.1-0.2 us). Stays TS by maintainer decision (accordproject/concerto-rust#276, 2026-09-28)	B:introspect/modelfile.js,modelmanager.js	-	n=3 modelmanager.js:2,introspect/modelfile.js:1	false	-	P2-08+P4-08	glue	947
src/introspect/modelfile.ts	ModelFile	getDefinitions	method	3	1.5	TS	trivial accessor: returns a field of the view, which P5-10 lazy views fill from the Rust snapshot (or the wrapped AST); a Rust crossing (0.2-1.4 us) costs 2-30x the read (0.1-0.2 us). Stays TS by maintainer decision (accordproject/concerto-rust#276, 2026-09-28)	B:introspect/modelfile.js	-	n=1 introspect/modelfile.js:1	false	-	P2-08+P4-08	glue	955
src/introspect/modelfile.ts	ModelFile	getAst	method	4	2	TS	trivial accessor: returns a field of the view, which P5-10 lazy views fill from the Rust snapshot (or the wrapped AST); a Rust crossing (0.2-1.4 us) costs 2-30x the read (0.1-0.2 us). Stays TS by maintainer decision (accordproject/concerto-rust#276, 2026-09-28)	B:introspect/modelfile.js,introspect/metamodel.js,decoratormanager.js,+4	n=2 introspect/classdeclaration.js:1,introspect/modelfile.js:1	n=47 introspect/property.js:14,introspect/metamodel.js:10,introspect/classdeclaration.js:8,+4files	false	-	P2-08+P4-08	glue	963
src/introspect/modelfile.ts	ModelFile	getConcertoVersion	method	3	1.5	TS	trivial accessor: returns a field of the view, which P5-10 lazy views fill from the Rust snapshot (or the wrapped AST); a Rust crossing (0.2-1.4 us) costs 2-30x the read (0.1-0.2 us). Stays TS by maintainer decision (accordproject/concerto-rust#276, 2026-09-28)	B:introspect/concertoVersion.js	-	n=3 introspect/concertoVersion.js:3	false	-	P2-08+P4-08	glue	972
src/introspect/modelfile.ts	ModelFile	isCompatibleVersion	method	12	18	RUST		-	-	-	false	concerto_core::introspect::model_file	P2-08+P4-08	validation	981
src/introspect/modelfile.ts	ModelFile	enforceImportVersioning	method	5	7.5	RUST		-	-	-	false	concerto_core::introspect::model_file	P2-08+P4-08	validation	999
src/introspect/modelfile.ts	ModelFile	fromAst	method	12	18	RUST		-	-	-	false	concerto_core::introspect::model_file	P2-08+P4-08	validation	1010
src/introspect/modelfile.ts	ModelFile	_fromAstHeader	method	21	31.5	RUST		-	-	-	false	concerto_core::introspect::model_file	P2-08+P4-08	validation	1030
src/introspect/modelfile.ts	ModelFile	_fromAstDeclarations	method	12	18	HYBRID	reads the file's one-call Rust view snapshot (modelFileViewSnapshot) around the declaration views it builds	-	-	-	false	concerto_core::introspect::model_file	P2-08+P4-08	validation	1058
src/introspect/modelfile.ts	ModelFile	_fromAstDeclarationViews	method	11	16.5	PARTIAL	no engine call: the TS body (branches, loops or throw sites) still runs and decides the result and any exception; not yet converted to a delegation. Planned task kept; porting it is follow-up after P5-10 (accordproject/concerto-rust#261)	-	-	-	false	concerto_core::introspect::model_file	P2-08+P4-08	validation	1077
src/introspect/modelfile.ts	ModelFile	_declarationView	method	64	96	TS	JS view-class factory (`new AssetDeclaration(...)` by AST $class); Rust staging has already rejected an unknown $class, and the injected default super type mirrors Rust implicit_super_type for 4 fixed cases. Stays TS by maintainer decision (accordproject/concerto-rust#276, 2026-09-28)	-	-	-	false	-	P2-08+P4-08	validation	1096
src/introspect/modelfile.ts	ModelFile	filter	method	115	115	HYBRID	takes a JS predicate callback over Declaration views; Rust does the AST copy and import pruning	B:introspect/modelfile.js,modelmanager.js,decoratormanager.js,+2	-	n=16 introspect/modelfile.js:9,modelmanager.js:3,models/test.js:2,+2files	false	concerto_core::introspect::model_file	P2-08+P4-08	logic	1183
src/introspect/numbervalidator.ts	NumberValidator	constructor	ctor	4	2	RUST		B:introspect/numbervalidator.js,introspect/stringvalidator.js	n=28 introspect/numbervalidator.js:27,introspect/stringvalidator.js:1	n=28 introspect/numbervalidator.js:27,introspect/stringvalidator.js:1	true	concerto_core::introspect::validators	P2-02+P4-04	glue	48
src/introspect/numbervalidator.ts	NumberValidator	getLowerBound	method	3	1.5	TS	trivial accessor: returns a field of the view, which P5-10 lazy views fill from the Rust snapshot (or the wrapped AST); a Rust crossing (0.2-1.4 us) costs 2-30x the read (0.1-0.2 us). Stays TS by maintainer decision (accordproject/concerto-rust#276, 2026-09-28)	B:introspect/numbervalidator.js	-	n=3 introspect/numbervalidator.js:3	false	-	P2-02+P4-04	glue	57
src/introspect/numbervalidator.ts	NumberValidator	getUpperBound	method	3	1.5	TS	trivial accessor: returns a field of the view, which P5-10 lazy views fill from the Rust snapshot (or the wrapped AST); a Rust crossing (0.2-1.4 us) costs 2-30x the read (0.1-0.2 us). Stays TS by maintainer decision (accordproject/concerto-rust#276, 2026-09-28)	B:introspect/numbervalidator.js	-	n=3 introspect/numbervalidator.js:3	false	-	P2-02+P4-04	glue	64
src/introspect/numbervalidator.ts	NumberValidator	validate	method	3	4.5	RUST		B:introspect/numbervalidator.js,introspect/mapdeclaration.js,introspect/stringvalidator.js,+12	-	n=108 introspect/mapdeclaration.js:33,introspect/stringvalidator.js:19,introspect/modelfile.js:15,+15files	false	concerto_core::introspect::validators	P2-02+P4-04	validation	75
src/introspect/numbervalidator.ts	NumberValidator	toString	method	3	1.5	PARTIAL	no engine call: a straight-line read of view state (a snapshot field, the wrapped AST node or a child view), a fixed-data builder or a forward to other members; PORTING 1.5 snapshot design allows it on a view, but the member itself runs no Rust (accordproject/concerto-rust#261)	B:introspect/numbervalidator.js,introspect/mapdeclaration.js,typenotfoundexception.js,+10	-	n=17 typenotfoundexception.js:3,introspect/classdeclaration.js:2,introspect/stringvalidator.js:2,+10files	false	concerto_core::introspect::validators	P2-02+P4-04	glue	84
src/introspect/numbervalidator.ts	NumberValidator	compatibleWith	method	3	1.5	RUST		B:introspect/numbervalidator.js,introspect/stringvalidator.js,introspect/collectionsizevalidator.js,+1	-	n=36 introspect/stringvalidator.js:16,introspect/numbervalidator.js:10,introspect/collectionsizevalidator.js:9,+1files	false	concerto_core::introspect::validators	P2-02+P4-04	glue	96
src/introspect/participantdeclaration.ts	ParticipantDeclaration	constructor	ctor	3	1.5	TS	JS class wiring: a constructor that only calls super and/or process() (process runs in Rust and is counted there); kept because the override is in the BC-37 api-snapshot. Stays TS by maintainer decision (accordproject/concerto-rust#276, 2026-09-28)	-	-	-	false	-	P2-03+P4-06	glue	36
src/introspect/participantdeclaration.ts	ParticipantDeclaration	declarationKind	method	3	1.5	TS	constant-return member (type/kind marker or fixed default, body is `return <literal>`); stays as-is on the TS class, nothing to port	B:introspect/participantdeclaration.js,introspect/assetdeclaration.js,introspect/classdeclaration.js,+4	-	n=7 introspect/assetdeclaration.js:1,introspect/classdeclaration.js:1,introspect/enumdeclaration.js:1,+4files	false	-	-	glue	45
src/introspect/property.ts	Property	constructor	ctor	5	2.5	TS	view constructor glue: stores the parent and AST and calls process(), which is counted separately (the Rust snapshot or the collaborator-context fallback for W tests over stubbed parents, plan section 3); no engine call of its own. Stays TS by maintainer decision (accordproject/concerto-rust#276, 2026-09-28)	S:modelutil.js B:introspect/property.js	n=14 introspect/property.js:8,modelutil.js:6	n=8 introspect/property.js:8	true	-	P2-04+P4-07	glue	50
src/introspect/property.ts	Property	getModelFile	method	3	1.5	TS	forward/orchestration over members counted elsewhere: the logic is in the callee(s) it calls, which is where any Rust work is counted; this body makes no engine call. Stays TS by maintainer decision (accordproject/concerto-rust#276, 2026-09-28)	W:introspect/assetdeclaration.js,introspect/field.js,introspect/property.js,introspect/property_ex.js,+2 B:modelmanager.js,decoratormanager.js,introspect/modelfile.js,+8	-	n=47 modelmanager.js:14,introspect/modelfile.js:9,decoratormanager.js:6,+12files	false	-	P2-04+P4-07	glue	62
src/introspect/property.ts	Property	getParent	method	3	1.5	TS	trivial accessor: returns a field of the view, which P5-10 lazy views fill from the Rust snapshot (or the wrapped AST); a Rust crossing (0.2-1.4 us) costs 2-30x the read (0.1-0.2 us). Stays TS by maintainer decision (accordproject/concerto-rust#276, 2026-09-28)	W:introspect/property_ex.js B:introspect/mapdeclaration.js,introspect/decorator.js,introspect/relationshipdeclaration.js	-	n=3 introspect/decorator.js:1,introspect/mapdeclaration.js:1,introspect/relationshipdeclaration.js:1	false	-	P2-04+P4-07	glue	70
src/introspect/property.ts	Property	process	method	16	16	PARTIAL	no engine call: the TS body (branches, loops or throw sites) still runs and decides the result and any exception; not yet converted to a delegation. Planned task kept; porting it is follow-up after P5-10 (accordproject/concerto-rust#261)	-	-	-	false	concerto_core::introspect::property	P2-04+P4-07	logic	79
src/introspect/property.ts	Property	validate	method	5	7.5	RUST		B:introspect/mapdeclaration.js,introspect/stringvalidator.js,introspect/modelfile.js,+12	-	n=108 introspect/mapdeclaration.js:33,introspect/stringvalidator.js:19,introspect/modelfile.js:15,+15files	false	concerto_core::introspect::property	P2-04+P4-07	validation	102
src/introspect/property.ts	Property	getName	method	3	1.5	TS	trivial accessor: returns a field of the view, which P5-10 lazy views fill from the Rust snapshot (or the wrapped AST); a Rust crossing (0.2-1.4 us) costs 2-30x the read (0.1-0.2 us). Stays TS by maintainer decision (accordproject/concerto-rust#276, 2026-09-28)	W:introspect/illegalmodelexception.js,modelutil.js,serializer/resourcevalidator.js B:introspect/classdeclaration.js,modelmanager.js,introspect/modelfile.js,+3	-	n=27 introspect/classdeclaration.js:10,modelmanager.js:9,introspect/modelfile.js:3,+5files	false	-	P2-04+P4-07	glue	112
src/introspect/property.ts	Property	getType	method	3	1.5	TS	trivial accessor: returns a field of the view, which P5-10 lazy views fill from the Rust snapshot (or the wrapped AST); a Rust crossing (0.2-1.4 us) costs 2-30x the read (0.1-0.2 us). Stays TS by maintainer decision (accordproject/concerto-rust#276, 2026-09-28)	W:introspect/assetdeclaration.js,introspect/relationshipdeclaration.js,introspect/scalars.js,modelutil.js,+1 B:introspect/property.js,serializer/resourcevalidator.js,introspect/classdeclaration.js,+23	-	n=335 serializer/jsonpopulator.js:62,serializer/jsongenerator.js:33,serializer/resourcevalidator.js:29,+29files	false	-	P2-04+P4-07	glue	120
src/introspect/property.ts	Property	isOptional	method	3	1.5	TS	trivial accessor: returns a field of the view, which P5-10 lazy views fill from the Rust snapshot (or the wrapped AST); a Rust crossing (0.2-1.4 us) costs 2-30x the read (0.1-0.2 us). Stays TS by maintainer decision (accordproject/concerto-rust#276, 2026-09-28)	-	-	n=2 models/farm2fork.js:1,models/test.js:1	false	-	P2-04+P4-07	glue	128
src/introspect/property.ts	Property	getFullyQualifiedTypeName	method	21	21	TS	forward/orchestration over members counted elsewhere: the logic is in the callee(s) it calls, which is where any Rust work is counted; this body makes no engine call. Stays TS by maintainer decision (accordproject/concerto-rust#276, 2026-09-28) (ModelFile.getFullyQualifiedTypeName, after null checks for detached or stubbed views)	W:introspect/field.js,modelutil.js,serializer/jsonpopulator.js B:introspect/property.js,introspect/property_ex.js,introspect/modelfile.js,+1	-	n=8 introspect/property_ex.js:3,introspect/modelfile.js:2,modelmanager.js:2,+1files	false	-	P2-04+P4-07	logic	136
src/introspect/property.ts	Property	getFullyQualifiedName	method	3	1.5	TS	forward/orchestration over members counted elsewhere: the logic is in the callee(s) it calls, which is where any Rust work is counted; this body makes no engine call. Stays TS by maintainer decision (accordproject/concerto-rust#276, 2026-09-28)	W:introspect/numbervalidator.js,introspect/stringvalidator.js,introspect/validator.js B:introspect/property.js,modelmanager.js,introspect/modelfile.js,+7	-	n=31 modelmanager.js:9,introspect/modelfile.js:6,introspect/classdeclaration.js:5,+8files	false	-	P2-04+P4-07	glue	162
src/introspect/property.ts	Property	getNamespace	method	3	1.5	TS	forward/orchestration over members counted elsewhere: the logic is in the callee(s) it calls, which is where any Rust work is counted; this body makes no engine call. Stays TS by maintainer decision (accordproject/concerto-rust#276, 2026-09-28)	W:serializer/jsonpopulator.js B:modelmanager.js,model/relationship.js,introspect/mapdeclaration.js,+4	-	n=20 model/relationship.js:5,modelmanager.js:5,models/test.js:3,+6files	false	-	P2-04+P4-07	glue	170
src/introspect/property.ts	Property	isArray	method	3	1.5	TS	trivial accessor: returns a field of the view, which P5-10 lazy views fill from the Rust snapshot (or the wrapped AST); a Rust crossing (0.2-1.4 us) costs 2-30x the read (0.1-0.2 us). Stays TS by maintainer decision (accordproject/concerto-rust#276, 2026-09-28)	B:introspect/scalars.js	-	n=5 introspect/scalars.js:2,models/animaltracking.js:1,models/farm2fork.js:1,+1files	false	-	P2-04+P4-07	glue	178
src/introspect/property.ts	Property	getSizeValidator	method	3	1.5	TS	trivial accessor: returns a field of the view, which P5-10 lazy views fill from the Rust snapshot (or the wrapped AST); a Rust crossing (0.2-1.4 us) costs 2-30x the read (0.1-0.2 us). Stays TS by maintainer decision (accordproject/concerto-rust#276, 2026-09-28)	B:introspect/property.js	-	n=5 introspect/property.js:5	false	-	P2-04+P4-07	glue	186
src/introspect/property.ts	Property	isTypeEnum	method	9	9	TS	forward/orchestration over members counted elsewhere: the logic is in the callee(s) it calls, which is where any Rust work is counted; this body makes no engine call. Stays TS by maintainer decision (accordproject/concerto-rust#276, 2026-09-28) (ModelFile.getType)	-	-	-	false	-	P2-04+P4-07	logic	195
src/introspect/property.ts	Property	isPrimitive	method	3	1.5	TS	forward/orchestration over members counted elsewhere: the logic is in the callee(s) it calls, which is where any Rust work is counted; this body makes no engine call. Stays TS by maintainer decision (accordproject/concerto-rust#276, 2026-09-28) (ModelUtil.isPrimitiveType)	W:serializer/jsonpopulator.js,serializer/resourcevalidator.js	-	-	false	-	P2-04+P4-07	glue	209
src/introspect/relationshipdeclaration.ts	RelationshipDeclaration	constructor	ctor	3	1.5	TS	JS class wiring: a constructor that only calls super and/or process() (process runs in Rust and is counted there); kept because the override is in the BC-37 api-snapshot. Stays TS by maintainer decision (accordproject/concerto-rust#276, 2026-09-28)	-	-	-	false	-	P2-04+P4-07	glue	39
src/introspect/relationshipdeclaration.ts	RelationshipDeclaration	validate	method	5	7.5	RUST		B:introspect/relationshipdeclaration.js,introspect/mapdeclaration.js,introspect/stringvalidator.js,+12	-	n=108 introspect/mapdeclaration.js:33,introspect/stringvalidator.js:19,introspect/modelfile.js:15,+15files	false	concerto_core::introspect::property	P2-04+P4-07	validation	49
src/introspect/relationshipdeclaration.ts	RelationshipDeclaration	toString	method	3	1.5	TS	forward/orchestration over members counted elsewhere: the logic is in the callee(s) it calls, which is where any Rust work is counted; this body makes no engine call. Stays TS by maintainer decision (accordproject/concerto-rust#276, 2026-09-28)	B:introspect/mapdeclaration.js,typenotfoundexception.js,introspect/classdeclaration.js,+10	-	n=17 typenotfoundexception.js:3,introspect/classdeclaration.js:2,introspect/stringvalidator.js:2,+10files	false	-	P2-04+P4-07	glue	59
src/introspect/relationshipdeclaration.ts	RelationshipDeclaration	isRelationship	method	3	1.5	TS	constant-return member (type/kind marker or fixed default, body is `return <literal>`); stays as-is on the TS class, nothing to port	B:factory.js,model/identifiable.js,model/relationship.js,+1	-	n=4 factory.js:1,model/identifiable.js:1,model/relationship.js:1,+1files	false	-	-	glue	68
src/introspect/scalardeclaration.ts	ScalarDeclaration	process	method	5	2.5	PARTIAL	no engine call: a straight-line read of view state (a snapshot field, the wrapped AST node or a child view), a fixed-data builder or a forward to other members; PORTING 1.5 snapshot design allows it on a view, but the member itself runs no Rust (accordproject/concerto-rust#261)	-	-	-	false	concerto_core::introspect::scalar	P2-05+P4-07	glue	55
src/introspect/scalardeclaration.ts	ScalarDeclaration	validate	method	13	19.5	PARTIAL	no engine call: the TS body (branches, loops or throw sites) still runs and decides the result and any exception; not yet converted to a delegation. Planned task kept; porting it is follow-up after P5-10 (accordproject/concerto-rust#261)	B:introspect/mapdeclaration.js,introspect/stringvalidator.js,introspect/modelfile.js,+12	-	n=108 introspect/mapdeclaration.js:33,introspect/stringvalidator.js:19,introspect/modelfile.js:15,+15files	false	concerto_core::introspect::scalar	P2-05+P4-07	validation	69
src/introspect/scalardeclaration.ts	ScalarDeclaration	isIdentified	method	3	1.5	TS	constant-return member (type/kind marker or fixed default, body is `return <literal>`); stays as-is on the TS class, nothing to port	B:introspect/scalardeclaration.js,introspect/declaration.js	-	n=2 introspect/declaration.js:1,introspect/scalardeclaration.js:1	false	-	-	glue	88
src/introspect/scalardeclaration.ts	ScalarDeclaration	isSystemIdentified	method	3	1.5	TS	constant-return member (type/kind marker or fixed default, body is `return <literal>`); stays as-is on the TS class, nothing to port	B:introspect/scalardeclaration.js,introspect/identifieddeclaration.js,introspect/declaration.js	-	n=4 introspect/identifieddeclaration.js:2,introspect/declaration.js:1,introspect/scalardeclaration.js:1	false	-	-	glue	97
src/introspect/scalardeclaration.ts	ScalarDeclaration	getIdentifierFieldName	method	3	1.5	TS	constant-return member (type/kind marker or fixed default, body is `return <literal>`); stays as-is on the TS class, nothing to port	W:serializer/resourcevalidator.js B:introspect/scalardeclaration.js,introspect/identifieddeclaration.js,introspect/declaration.js	-	n=7 introspect/identifieddeclaration.js:3,introspect/declaration.js:1,introspect/scalardeclaration.js:1,+2files	false	-	-	glue	106
src/introspect/scalardeclaration.ts	ScalarDeclaration	getType	method	3	1.5	TS	trivial accessor: returns a field of the view, which P5-10 lazy views fill from the Rust snapshot (or the wrapped AST); a Rust crossing (0.2-1.4 us) costs 2-30x the read (0.1-0.2 us). Stays TS by maintainer decision (accordproject/concerto-rust#276, 2026-09-28)	W:introspect/assetdeclaration.js,introspect/relationshipdeclaration.js,introspect/scalars.js,modelutil.js,+1 B:introspect/scalardeclaration.js,serializer/resourcevalidator.js,introspect/classdeclaration.js,+23	-	n=335 serializer/jsonpopulator.js:62,serializer/jsongenerator.js:33,serializer/resourcevalidator.js:29,+29files	false	-	P2-05+P4-07	glue	116
src/introspect/scalardeclaration.ts	ScalarDeclaration	getSuperType	method	3	1.5	TS	constant-return member (type/kind marker or fixed default, body is `return <literal>`); stays as-is on the TS class, nothing to port	B:introspect/scalardeclaration.js,introspect/classdeclaration.js	-	n=5 introspect/classdeclaration.js:4,introspect/scalardeclaration.js:1	false	-	-	glue	127
src/introspect/scalardeclaration.ts	ScalarDeclaration	getSuperTypeDeclaration	method	3	1.5	TS	constant-return member (type/kind marker or fixed default, body is `return <literal>`); stays as-is on the TS class, nothing to port	B:introspect/scalardeclaration.js,introspect/classdeclaration.js	-	n=2 introspect/classdeclaration.js:1,introspect/scalardeclaration.js:1	false	-	-	glue	136
src/introspect/scalardeclaration.ts	ScalarDeclaration	getValidator	method	3	1.5	TS	trivial accessor: returns a field of the view, which P5-10 lazy views fill from the Rust snapshot (or the wrapped AST); a Rust crossing (0.2-1.4 us) costs 2-30x the read (0.1-0.2 us). Stays TS by maintainer decision (accordproject/concerto-rust#276, 2026-09-28)	B:introspect/scalardeclaration.js,introspect/field.js	-	n=4 introspect/field.js:2,introspect/scalardeclaration.js:1,models/test.js:1	false	-	P2-05+P4-07	glue	144
src/introspect/scalardeclaration.ts	ScalarDeclaration	getDefaultValue	method	3	1.5	TS	trivial accessor: returns a field of the view, which P5-10 lazy views fill from the Rust snapshot (or the wrapped AST); a Rust crossing (0.2-1.4 us) costs 2-30x the read (0.1-0.2 us). Stays TS by maintainer decision (accordproject/concerto-rust#276, 2026-09-28)	B:introspect/scalardeclaration.js,introspect/field.js	-	n=6 introspect/scalardeclaration.js:3,introspect/field.js:1,models/farm2fork.js:1,+1files	false	-	P2-05+P4-07	glue	152
src/introspect/scalardeclaration.ts	ScalarDeclaration	toString	method	3	1.5	PARTIAL	no engine call: a straight-line read of view state (a snapshot field, the wrapped AST node or a child view), a fixed-data builder or a forward to other members; PORTING 1.5 snapshot design allows it on a view, but the member itself runs no Rust (accordproject/concerto-rust#261)	B:introspect/scalardeclaration.js,introspect/mapdeclaration.js,typenotfoundexception.js,+10	-	n=17 typenotfoundexception.js:3,introspect/classdeclaration.js:2,introspect/stringvalidator.js:2,+10files	false	concerto_core::introspect::scalar	P2-05+P4-07	glue	160
src/introspect/scalardeclaration.ts	ScalarDeclaration	isAbstract	method	3	1.5	TS	constant-return member (type/kind marker or fixed default, body is `return <literal>`); stays as-is on the TS class, nothing to port	B:introspect/scalardeclaration.js,introspect/eventdeclaration.js	-	n=3 introspect/eventdeclaration.js:1,introspect/scalardeclaration.js:1,models/model.js:1	false	-	-	glue	170
src/introspect/scalardeclaration.ts	ScalarDeclaration	isScalarDeclaration	method	3	1.5	TS	constant-return member (type/kind marker or fixed default, body is `return <literal>`); stays as-is on the TS class, nothing to port	W:introspect/scalars.js B:introspect/declaration.js	-	n=1 introspect/declaration.js:1	false	-	-	glue	179
src/introspect/scalardeclaration.ts	ScalarDeclaration	isAsset	method	3	1.5	TS	constant-return member (type/kind marker or fixed default, body is `return <literal>`); stays as-is on the TS class, nothing to port	B:introspect/scalardeclaration.js,introspect/classdeclaration.js,introspect/declaration.js	-	n=4 introspect/classdeclaration.js:2,introspect/declaration.js:1,introspect/scalardeclaration.js:1	false	-	-	glue	189
src/introspect/scalardeclaration.ts	ScalarDeclaration	isParticipant	method	3	1.5	TS	constant-return member (type/kind marker or fixed default, body is `return <literal>`); stays as-is on the TS class, nothing to port	B:introspect/scalardeclaration.js,introspect/classdeclaration.js,introspect/declaration.js	-	n=3 introspect/classdeclaration.js:1,introspect/declaration.js:1,introspect/scalardeclaration.js:1	false	-	-	glue	199
src/introspect/scalardeclaration.ts	ScalarDeclaration	isTransaction	method	3	1.5	TS	constant-return member (type/kind marker or fixed default, body is `return <literal>`); stays as-is on the TS class, nothing to port	B:introspect/scalardeclaration.js,introspect/classdeclaration.js,introspect/declaration.js	-	n=3 introspect/classdeclaration.js:1,introspect/declaration.js:1,introspect/scalardeclaration.js:1	false	-	-	glue	209
src/introspect/scalardeclaration.ts	ScalarDeclaration	isEvent	method	3	1.5	TS	constant-return member (type/kind marker or fixed default, body is `return <literal>`); stays as-is on the TS class, nothing to port	B:introspect/scalardeclaration.js,introspect/classdeclaration.js,introspect/declaration.js,+1	-	n=5 introspect/classdeclaration.js:2,introspect/declaration.js:1,introspect/eventdeclaration.js:1,+1files	false	-	-	glue	219
src/introspect/scalardeclaration.ts	ScalarDeclaration	isConcept	method	3	1.5	TS	constant-return member (type/kind marker or fixed default, body is `return <literal>`); stays as-is on the TS class, nothing to port	W:serializer/resourcevalidator.js B:introspect/scalardeclaration.js,model/concept.js,introspect/classdeclaration.js,+1	-	n=6 model/concept.js:3,introspect/classdeclaration.js:1,introspect/declaration.js:1,+1files	false	-	-	glue	229
src/introspect/stringvalidator.ts	StringValidator	constructor	ctor	10	15	HYBRID	Rust stringValidatorNew checks the pattern and length bounds (regular expressions run in the engine since P5-52, BC-28); JS builds the RegExp object getRegex returns. Reason updated at the P5-64 re-audit (accordproject/concerto-rust#401)	B:introspect/stringvalidator.js,introspect/numbervalidator.js	n=45 introspect/stringvalidator.js:44,introspect/numbervalidator.js:1	n=45 introspect/stringvalidator.js:44,introspect/numbervalidator.js:1	true	concerto_core::introspect::validators	P2-02+P4-04	validation	59
src/introspect/stringvalidator.ts	StringValidator	validate	method	3	4.5	RUST		B:introspect/stringvalidator.js,introspect/mapdeclaration.js,introspect/modelfile.js,+12	-	n=108 introspect/mapdeclaration.js:33,introspect/stringvalidator.js:19,introspect/modelfile.js:15,+15files	false	concerto_core::introspect::validators	P2-02+P4-04	validation	77
src/introspect/stringvalidator.ts	StringValidator	matchesRegex	method	15	15	TS	JS RegExp test over the validator's pattern for Factory's identifier check (D7); value validation runs in Rust (stringValidatorValidate; options.regExp retired by P5-52). Stays TS by maintainer decision (accordproject/concerto-rust#276, 2026-09-28)	-	-	-	false	-	P2-02+P4-04	logic	87
src/introspect/stringvalidator.ts	StringValidator	getMinLength	method	3	1.5	TS	trivial accessor: returns a field of the view, which P5-10 lazy views fill from the Rust snapshot (or the wrapped AST); a Rust crossing (0.2-1.4 us) costs 2-30x the read (0.1-0.2 us). Stays TS by maintainer decision (accordproject/concerto-rust#276, 2026-09-28)	-	-	-	false	-	P2-02+P4-04	glue	107
src/introspect/stringvalidator.ts	StringValidator	getMaxLength	method	3	1.5	TS	trivial accessor: returns a field of the view, which P5-10 lazy views fill from the Rust snapshot (or the wrapped AST); a Rust crossing (0.2-1.4 us) costs 2-30x the read (0.1-0.2 us). Stays TS by maintainer decision (accordproject/concerto-rust#276, 2026-09-28)	-	-	-	false	-	P2-02+P4-04	glue	114
src/introspect/stringvalidator.ts	StringValidator	getRegex	method	3	1.5	TS	public API returns a JS RegExp object (built from the engine-checked pattern, P5-52) that Factory/InstanceGenerator/randexp consume	B:introspect/stringvalidator.js,serializer/valuegenerator.js	-	n=7 serializer/valuegenerator.js:4,introspect/stringvalidator.js:3	false	-	-	glue	122
src/introspect/stringvalidator.ts	StringValidator	compatibleWith	method	3	1.5	RUST		B:introspect/stringvalidator.js,introspect/numbervalidator.js,introspect/collectionsizevalidator.js,+1	-	n=36 introspect/stringvalidator.js:16,introspect/numbervalidator.js:10,introspect/collectionsizevalidator.js:9,+1files	false	concerto_core::introspect::validators	P2-02+P4-04	glue	134
src/introspect/transactiondeclaration.ts	TransactionDeclaration	constructor	ctor	3	1.5	TS	JS class wiring: a constructor that only calls super and/or process() (process runs in Rust and is counted there); kept because the override is in the BC-37 api-snapshot. Stays TS by maintainer decision (accordproject/concerto-rust#276, 2026-09-28)	-	-	-	false	-	P2-03+P4-06	glue	36
src/introspect/transactiondeclaration.ts	TransactionDeclaration	declarationKind	method	3	1.5	TS	constant-return member (type/kind marker or fixed default, body is `return <literal>`); stays as-is on the TS class, nothing to port	B:introspect/transactiondeclaration.js,introspect/assetdeclaration.js,introspect/classdeclaration.js,+4	-	n=7 introspect/assetdeclaration.js:1,introspect/classdeclaration.js:1,introspect/enumdeclaration.js:1,+4files	false	-	-	glue	45
src/introspect/validator.ts	Validator	constructor	ctor	4	2	TS	JS class wiring: a constructor that only calls super and/or process() (process runs in Rust and is counted there); kept because the override is in the BC-37 api-snapshot. Stays TS by maintainer decision (accordproject/concerto-rust#276, 2026-09-28)	B:introspect/validator.js	n=4 introspect/validator.js:4	n=4 introspect/validator.js:4	true	-	P2-02+P4-04	glue	71
src/introspect/validator.ts	Validator	reportError	method	5	2.5	TS	JS throw site: throws concerto-util BaseException (JS class, errorType code) with the message its caller passes; no engine call. Stays TS by maintainer decision (accordproject/concerto-rust#276, 2026-09-28)	-	-	-	false	-	P2-02+P4-04	glue	85
src/introspect/validator.ts	Validator	accept	method	3	1.5	TS	visitor dispatch entry point (accept -> visitor.visit); kept in TS, visitors call back into views	B:introspect/validator.js,serializer/resourcevalidator.js,serializer/instancegenerator.js,+8	-	n=37 serializer/resourcevalidator.js:27,introspect/classdeclaration.js:1,introspect/decorator.js:1,+8files	false	-	-	glue	97
src/introspect/validator.ts	Validator	getFieldOrScalarDeclaration	method	3	1.5	TS	trivial accessor: returns a field of the view, which P5-10 lazy views fill from the Rust snapshot (or the wrapped AST); a Rust crossing (0.2-1.4 us) costs 2-30x the read (0.1-0.2 us). Stays TS by maintainer decision (accordproject/concerto-rust#276, 2026-09-28)	-	-	-	false	-	P2-02+P4-04	glue	105
src/introspect/validator.ts	Validator	validate	method	2	1	TS	empty base-class no-op; nothing to port	B:introspect/validator.js,introspect/mapdeclaration.js,introspect/stringvalidator.js,+12	-	n=108 introspect/mapdeclaration.js:33,introspect/stringvalidator.js:19,introspect/modelfile.js:15,+15files	false	-	-	glue	116
src/introspect/validator.ts	Validator	compatibleWith	method	3	1.5	TS	constant-return member (type/kind marker or fixed default, body is `return <literal>`); stays as-is on the TS class, nothing to port	B:introspect/validator.js,introspect/stringvalidator.js,introspect/numbervalidator.js,+1	-	n=36 introspect/stringvalidator.js:16,introspect/numbervalidator.js:10,introspect/collectionsizevalidator.js:9,+1files	false	-	-	glue	127
src/metamodelexception.ts	MetamodelException	constructor	ctor	3	1.5	TS	exception class must stay a JS Error subclass (instanceof / class checks in ~81 assertions, M tests construct it directly); Rust supplies kind/code/params/location and the P4-02 error mapper instantiates this class	-	-	-	false	-	P1-05+P4-02	glue	29
src/model/identifiable.ts	Identifiable	constructor	ctor	11	5.5	TS	D7: Resource/Typed dynamic objects stay TS (user-visible JS objects with arbitrary properties and dayjs values)	S:serializer/resourcevalidator.js B:model/identifiable.js,model/concept-identified.js	n=3 serializer/resourcevalidator.js:3	n=8 model/identifiable.js:6,model/concept-identified.js:2	true	-	-	glue	60
src/model/identifiable.ts	Identifiable	getTimestamp	method	3	1.5	TS	D7: Resource/Typed dynamic objects stay TS (user-visible JS objects with arbitrary properties and dayjs values)	B:model/concept-identified.js	-	n=2 model/concept-identified.js:2	false	-	-	glue	76
src/model/identifiable.ts	Identifiable	getIdentifier	method	3	1.5	TS	D7: Resource/Typed dynamic objects stay TS (user-visible JS objects with arbitrary properties and dayjs values)	B:model/identifiable.js,model/relationship.js,model/concept-identified.js,+2	-	n=16 model/relationship.js:5,serializer/instancegenerator.js:4,model/concept-identified.js:3,+4files	false	-	-	glue	84
src/model/identifiable.ts	Identifiable	setIdentifier	method	4	2	TS	D7: Resource/Typed dynamic objects stay TS (user-visible JS objects with arbitrary properties and dayjs values)	B:model/identifiable.js,model/concept-identified.js,serializer/resourcevalidator.js	-	n=4 model/concept-identified.js:2,model/identifiable.js:1,serializer/resourcevalidator.js:1	false	-	-	glue	92
src/model/identifiable.ts	Identifiable	getFullyQualifiedIdentifier	method	6	6	TS	D7: Resource/Typed dynamic objects stay TS (user-visible JS objects with arbitrary properties and dayjs values)	W:serializer/resourcevalidator.js	-	n=4 models/animaltracking.js:1,models/model.js:1,models/test.js:1,+1files	false	-	-	logic	102
src/model/identifiable.ts	Identifiable	toString	method	3	1.5	TS	D7: Resource/Typed dynamic objects stay TS (user-visible JS objects with arbitrary properties and dayjs values)	B:model/identifiable.js,introspect/mapdeclaration.js,typenotfoundexception.js,+10	-	n=17 typenotfoundexception.js:3,introspect/classdeclaration.js:2,introspect/stringvalidator.js:2,+10files	false	-	-	glue	113
src/model/identifiable.ts	Identifiable	isRelationship	method	3	1.5	TS	constant-return member (type/kind marker or fixed default, body is `return <literal>`); stays as-is on the TS class, nothing to port	B:model/identifiable.js,factory.js,model/relationship.js,+1	-	n=4 factory.js:1,model/identifiable.js:1,model/relationship.js:1,+1files	false	-	-	glue	122
src/model/identifiable.ts	Identifiable	isResource	method	3	1.5	TS	constant-return member (type/kind marker or fixed default, body is `return <literal>`); stays as-is on the TS class, nothing to port	B:model/identifiable.js,model/relationship.js,model/resource.js	-	n=3 model/identifiable.js:1,model/relationship.js:1,model/resource.js:1	false	-	-	glue	131
src/model/identifiable.ts	Identifiable	toURI	method	5	2.5	TS	D7: Resource/Typed dynamic objects stay TS (user-visible JS objects with arbitrary properties and dayjs values)	B:model/relationship.js	-	n=2 model/relationship.js:2	false	-	-	glue	139
src/model/relationship.ts	Relationship	constructor	ctor	5	2.5	TS	D7: Resource/Typed dynamic objects stay TS (user-visible JS objects with arbitrary properties and dayjs values)	S:serializer/jsonpopulator.js B:model/relationship.js	n=3 serializer/jsonpopulator.js:3	n=7 model/relationship.js:7	true	-	-	glue	52
src/model/relationship.ts	Relationship	toString	method	3	1.5	TS	D7: Resource/Typed dynamic objects stay TS (user-visible JS objects with arbitrary properties and dayjs values)	B:model/relationship.js,introspect/mapdeclaration.js,typenotfoundexception.js,+10	-	n=17 typenotfoundexception.js:3,introspect/classdeclaration.js:2,introspect/stringvalidator.js:2,+10files	false	-	-	glue	62
src/model/relationship.ts	Relationship	isRelationship	method	3	1.5	TS	constant-return member (type/kind marker or fixed default, body is `return <literal>`); stays as-is on the TS class, nothing to port	B:model/relationship.js,factory.js,model/identifiable.js,+1	-	n=4 factory.js:1,model/identifiable.js:1,model/relationship.js:1,+1files	false	-	-	glue	71
src/model/relationship.ts	Relationship	fromURI	static	7	7	TS	D7: Resource/Typed dynamic objects stay TS (user-visible JS objects with arbitrary properties and dayjs values)	B:model/relationship.js	-	n=13 model/relationship.js:13	false	-	-	logic	83
src/model/resource.ts	Resource	constructor	ctor	3	1.5	TS	D7: Resource/Typed dynamic objects stay TS (user-visible JS objects with arbitrary properties and dayjs values)	S:serializer.js,serializer/jsonpopulator.js,serializer/resourcevalidator.js B:model/resource.js,model/concept.js	n=17 serializer/jsonpopulator.js:13,serializer.js:2,serializer/resourcevalidator.js:2	n=9 model/resource.js:6,model/concept.js:3	true	-	-	glue	60
src/model/resource.ts	Resource	toString	method	3	1.5	TS	D7: Resource/Typed dynamic objects stay TS (user-visible JS objects with arbitrary properties and dayjs values)	B:introspect/mapdeclaration.js,typenotfoundexception.js,introspect/classdeclaration.js,+10	-	n=17 typenotfoundexception.js:3,introspect/classdeclaration.js:2,introspect/stringvalidator.js:2,+10files	false	-	-	glue	68
src/model/resource.ts	Resource	isResource	method	3	1.5	TS	constant-return member (type/kind marker or fixed default, body is `return <literal>`); stays as-is on the TS class, nothing to port	B:model/resource.js,model/identifiable.js,model/relationship.js	-	n=3 model/identifiable.js:1,model/relationship.js:1,model/resource.js:1	false	-	-	glue	77
src/model/resource.ts	Resource	isConcept	method	3	1.5	TS	D7: Resource/Typed dynamic objects stay TS (user-visible JS objects with arbitrary properties and dayjs values)	W:serializer/resourcevalidator.js B:model/concept.js,introspect/classdeclaration.js,introspect/declaration.js,+1	-	n=6 model/concept.js:3,introspect/classdeclaration.js:1,introspect/declaration.js:1,+1files	false	-	-	glue	86
src/model/resource.ts	Resource	isIdentifiable	method	3	1.5	TS	D7: Resource/Typed dynamic objects stay TS (user-visible JS objects with arbitrary properties and dayjs values)	-	-	-	false	-	-	glue	95
src/model/resource.ts	Resource	toJSON	method	3	1.5	TS	D7: Resource/Typed dynamic objects stay TS (user-visible JS objects with arbitrary properties and dayjs values)	B:model/resource.js,serializer/maptype/serializer.js,serializer.js,+8	-	n=155 serializer.js:97,serializer/maptype/serializer.js:34,serializer/resourcevalidator.js:7,+13files	false	-	-	glue	105
src/model/resourceid.ts	ResourceId	constructor	ctor	15	15	TS	plain JS value object with public namespace/type/id fields that callers read directly; argument checks are trivial and make no engine call. Stays TS by maintainer decision (accordproject/concerto-rust#276, 2026-09-28)	-	-	-	false	-	P2-01+P4-03	logic	36
src/model/resourceid.ts	ResourceId	fromURI	static	4	2	RUST		-	-	-	false	concerto_core::instance::resource_id	P2-01+P4-03	glue	67
src/model/resourceid.ts	ResourceId	toURI	method	3	1.5	RUST		B:model/relationship.js	-	n=2 model/relationship.js:2	false	concerto_core::instance::resource_id	P2-01+P4-03	glue	76
src/model/resourceid.ts		resourceIdsFromURIs	function	10	10	RUST		-	-	-	false	concerto_core::instance::resource_id	P2-01+P4-03	logic	94
src/model/resourceid.ts		resourceIdsToURIs	function	3	1.5	RUST		-	-	-	false	concerto_core::instance::resource_id	P2-01+P4-03	glue	114
src/model/typed.ts	Typed	constructor	ctor	6	3	TS	D7: Resource/Typed dynamic objects stay TS (user-visible JS objects with arbitrary properties and dayjs values)	B:model/typed.js	-	n=12 model/typed.js:12	false	-	-	glue	51
src/model/typed.ts	Typed	accept	method	3	1.5	TS	visitor dispatch entry point (accept -> visitor.visit); kept in TS, visitors call back into views	B:serializer/resourcevalidator.js,serializer/instancegenerator.js,introspect/classdeclaration.js,+8	-	n=37 serializer/resourcevalidator.js:27,introspect/classdeclaration.js:1,introspect/decorator.js:1,+8files	false	-	-	glue	65
src/model/typed.ts	Typed	getModelManager	method	3	1.5	TS	D7: Resource/Typed dynamic objects stay TS (user-visible JS objects with arbitrary properties and dayjs values)	W:modelutil.js B:introspect/introspector.js	-	n=1 introspect/introspector.js:1	false	-	-	glue	74
src/model/typed.ts	Typed	getType	method	3	1.5	TS	D7: Resource/Typed dynamic objects stay TS (user-visible JS objects with arbitrary properties and dayjs values)	W:introspect/assetdeclaration.js,introspect/relationshipdeclaration.js,introspect/scalars.js,modelutil.js,+1 B:model/typed.js,serializer/resourcevalidator.js,introspect/classdeclaration.js,+23	-	n=335 serializer/jsonpopulator.js:62,serializer/jsongenerator.js:33,serializer/resourcevalidator.js:29,+29files	false	-	-	glue	82
src/model/typed.ts	Typed	getFullyQualifiedType	method	3	1.5	TS	D7: Resource/Typed dynamic objects stay TS (user-visible JS objects with arbitrary properties and dayjs values)	W:serializer.js,serializer/resourcevalidator.js B:serializer/instancegenerator.js	-	n=1 serializer/instancegenerator.js:1	false	-	-	glue	90
src/model/typed.ts	Typed	getNamespace	method	3	1.5	TS	D7: Resource/Typed dynamic objects stay TS (user-visible JS objects with arbitrary properties and dayjs values)	W:serializer/jsonpopulator.js B:modelmanager.js,model/relationship.js,introspect/mapdeclaration.js,+4	-	n=20 model/relationship.js:5,modelmanager.js:5,models/test.js:3,+6files	false	-	-	glue	98
src/model/typed.ts	Typed	getClassDeclaration	method	3	1.5	TS	D7: Resource/Typed dynamic objects stay TS (user-visible JS objects with arbitrary properties and dayjs values)	B:introspect/decorators.js,introspect/introspector.js,serializer/instancegenerator.js,+3	-	n=8 introspect/decorators.js:2,introspect/introspector.js:2,model/concept.js:1,+3files	false	-	-	glue	108
src/model/typed.ts	Typed	setPropertyValue	method	3	1.5	TS	D7: Resource/Typed dynamic objects stay TS (user-visible JS objects with arbitrary properties and dayjs values)	-	-	n=3 models/animaltracking.js:1,models/model.js:1,models/test.js:1	false	-	-	glue	117
src/model/typed.ts	Typed	addArrayValue	method	8	8	TS	D7: Resource/Typed dynamic objects stay TS (user-visible JS objects with arbitrary properties and dayjs values)	-	-	n=2 models/animaltracking.js:1,models/model.js:1	false	-	-	logic	126
src/model/typed.ts	Typed	assignFieldDefaults	method	39	39	TS	D7: Resource/Typed dynamic objects stay TS (user-visible JS objects with arbitrary properties and dayjs values)	B:model/typed.js	-	n=8 model/typed.js:8	false	-	-	logic	139
src/model/typed.ts	Typed	instanceOf	method	16	16	TS	D7: Resource/Typed dynamic objects stay TS (user-visible JS objects with arbitrary properties and dayjs values)	B:model/typed.js,serializer/maptype/serializer.js,serializer.js,+9	-	n=82 serializer/maptype/serializer.js:27,modelmanager.js:11,serializer.js:10,+9files	false	-	-	logic	186
src/model/typed.ts	Typed	toJSON	method	3	1.5	TS	D7: Resource/Typed dynamic objects stay TS (user-visible JS objects with arbitrary properties and dayjs values)	B:serializer/maptype/serializer.js,serializer.js,serializer/resourcevalidator.js,+8	-	n=155 serializer.js:97,serializer/maptype/serializer.js:34,serializer/resourcevalidator.js:7,+13files	false	-	-	glue	208
src/model/validatedresource.ts	ValidatedResource	constructor	ctor	4	2	TS	D7: Resource/Typed dynamic objects stay TS (user-visible JS objects with arbitrary properties and dayjs values)	-	-	-	false	-	-	glue	52
src/model/validatedresource.ts	ValidatedResource	setPropertyValue	method	23	23	HYBRID	the undeclared-field check and the assignment stay TS (D7); the value is validated by one Rust call (validatePropertyBinary, src/engine/validate-resource.ts), with the ResourceValidator visitor behind EngineFastPathUnsupported, and for a string, number or boolean on a plain primitive field with no validator, where the visitor is cheaper (visitorIsCheaper)	-	-	n=3 models/animaltracking.js:1,models/model.js:1,models/test.js:1	false	concerto_core::instance	P5-12c	logic	63
src/model/validatedresource.ts	ValidatedResource	addArrayValue	method	32	32	HYBRID	the undeclared-field and not-an-array checks, the array copy and the assignment stay TS (D7); the new array is validated by one Rust call (validatePropertyBinary, src/engine/validate-resource.ts), with the ResourceValidator visitor behind EngineFastPathUnsupported	-	-	n=2 models/animaltracking.js:1,models/model.js:1	false	concerto_core::instance	P5-12c	logic	93
src/model/validatedresource.ts	ValidatedResource	validate	method	12	18	HYBRID	fast path (P5-12c): one Rust call (validateResourceBinary, src/engine/validate-resource.ts) validates the whole resource; the ResourceValidator visitor runs only behind EngineFastPathUnsupported; the Resource object stays TS (D7)	B:introspect/mapdeclaration.js,introspect/stringvalidator.js,introspect/modelfile.js,+12	-	n=108 introspect/mapdeclaration.js:33,introspect/stringvalidator.js:19,introspect/modelfile.js:15,+15files	false	concerto_core::instance	P5-12c	validation	131
src/modelloader.ts	ModelLoader	addModel	static	14	14	TS	async file/URL loading orchestration (fs, FileLoader, concerto-cto Parser); all model work goes through the ledgered ModelManager methods it calls	-	-	-	false	-	-	logic	44
src/modelloader.ts	ModelLoader	loadModelManager	static	25	25	TS	async file/URL loading orchestration (fs, FileLoader, concerto-cto Parser); all model work goes through the ledgered ModelManager methods it calls	B:modelloader.js,introspect/metamodel.js,1.0.0/validate.js	-	n=23 modelloader.js:16,introspect/metamodel.js:7	false	-	-	logic	68
src/modelloader.ts	ModelLoader	loadModelManagerFromModelFiles	static	17	17	TS	async file/URL loading orchestration (fs, FileLoader, concerto-cto Parser); all model work goes through the ledgered ModelManager methods it calls	B:modelloader.js	-	n=5 modelloader.js:5	false	-	-	logic	104
src/modelmanager.ts		ctoProcessFile	function	11	11	TS	processFile callback is the pluggable parse seam: CTO text is parsed by concerto-cto in JS (tests stub Parser.parse); the resulting AST is what crosses into Rust	-	-	-	false	-	-	logic	29
src/modelmanager.ts	ModelManager	constructor	ctor	3	1.5	TS	subclass wiring only: passes the CTO processFile callback to BaseModelManager	S:modelutil.js B:modelmanager.js,decoratormanager.js,composer/i18n.js,+37	n=122 serializer/jsonpopulator.js:60,modelmanager.js:21,serializer/jsongenerator.js:12,+8files	n=937 serializer.js:117,modelmanager.js:104,introspect/modelfile.js:72,+44files	true	-	-	glue	62
src/modelmanager.ts	ModelManager	addCTOModel	method	6	6	TS	orchestration: parses CTO text through the JS processFile callback (concerto-cto) and forwards to RUST members, where the Rust work is counted; this body makes no engine call. Stays TS by maintainer decision (accordproject/concerto-rust#276, 2026-09-28) (then addModelFile)	B:modelmanager.js,decoratormanager.js,validateDecorators.js,+28	-	n=622 serializer.js:117,serializer/jsonpopulator.js:62,modelmanager.js:59,+32files	false	-	P2-08+P4-08	logic	75
src/modelutil.ts		memoisedEngineCall	function	14	14	RUST		-	-	-	false	concerto_core::model_util	P2-01+P4-03	logic	45
src/modelutil.ts		fieldTypeIs	function	9	9	PARTIAL	no engine call: the TS body (branches, loops or throw sites) still runs and decides the result and any exception; not yet converted to a delegation. Planned task kept; porting it is follow-up after P5-10 (accordproject/concerto-rust#261)	-	-	-	false	concerto_core::model_util	P2-01+P4-03	logic	88
src/modelutil.ts	ModelUtil	getShortName	static	3	1.5	RUST		B:modelutil.js	-	n=2 modelutil.js:2	false	concerto_core::model_util	P2-01+P4-03	glue	111
src/modelutil.ts	ModelUtil	getNamespace	static	3	1.5	RUST		W:serializer/jsonpopulator.js B:modelutil.js,composer/i18n.js	-	n=2 composer/i18n.js:1,modelutil.js:1	false	concerto_core::model_util	P2-01+P4-03	glue	121
src/modelutil.ts	ModelUtil	parseNamespace	static	28	42	RUST		B:modelutil.js	-	n=4 modelutil.js:4	false	concerto_core::model_util	P2-01+P4-03	validation	142
src/modelutil.ts	ModelUtil	importFullyQualifiedNames	static	3	1.5	RUST		-	-	-	false	concerto_core::model_util	P2-01+P4-03	glue	177
src/modelutil.ts	ModelUtil	isPrimitiveType	static	3	1.5	RUST		B:modelutil.js	-	n=1 modelutil.js:1	false	concerto_core::model_util	P2-01+P4-03	glue	187
src/modelutil.ts	ModelUtil	isAssignableTo	static	22	22	PARTIAL	no engine call: the TS body (branches, loops or throw sites) still runs and decides the result and any exception; not yet converted to a delegation. Planned task kept; porting it is follow-up after P5-10 (accordproject/concerto-rust#261)	W:serializer/resourcevalidator.js B:modelutil.js	n=2 serializer/resourcevalidator.js:2	n=6 modelutil.js:6	false	concerto_core::model_util	P2-01+P4-03	logic	201
src/modelutil.ts	ModelUtil	capitalizeFirstLetter	static	5	2.5	RUST		B:modelutil.js	-	n=4 modelutil.js:4	false	concerto_core::model_util	P2-01+P4-03	glue	230
src/modelutil.ts	ModelUtil	isEnum	static	3	1.5	PARTIAL	no engine call: a straight-line read of view state (a snapshot field, the wrapped AST node or a child view), a fixed-data builder or a forward to other members; PORTING 1.5 snapshot design allows it on a view, but the member itself runs no Rust (accordproject/concerto-rust#261)	W:serializer/jsongenerator.js	n=12 serializer/jsongenerator.js:12	-	false	concerto_core::model_util	P2-01+P4-03	glue	242
src/modelutil.ts	ModelUtil	isMap	static	3	1.5	PARTIAL	no engine call: a straight-line read of view state (a snapshot field, the wrapped AST node or a child view), a fixed-data builder or a forward to other members; PORTING 1.5 snapshot design allows it on a view, but the member itself runs no Rust (accordproject/concerto-rust#261)	-	-	-	false	concerto_core::model_util	P2-01+P4-03	glue	252
src/modelutil.ts	ModelUtil	isScalar	static	3	1.5	PARTIAL	no engine call: a straight-line read of view state (a snapshot field, the wrapped AST node or a child view), a fixed-data builder or a forward to other members; PORTING 1.5 snapshot design allows it on a view, but the member itself runs no Rust (accordproject/concerto-rust#261)	-	-	-	false	concerto_core::model_util	P2-01+P4-03	glue	262
src/modelutil.ts	ModelUtil	isValidIdentifier	static	3	4.5	RUST		-	-	-	false	concerto_core::model_util	P2-01+P4-03	validation	271
src/modelutil.ts	ModelUtil	getFullyQualifiedName	static	5	2.5	RUST		W:introspect/numbervalidator.js,introspect/stringvalidator.js,introspect/validator.js B:modelutil.js	-	n=2 modelutil.js:2	false	concerto_core::model_util	P2-01+P4-03	glue	281
src/modelutil.ts	ModelUtil	removeNamespaceVersionFromFullyQualifiedName	static	18	18	RUST		B:modelutil.js	-	n=2 modelutil.js:2	false	concerto_core::model_util	P2-01+P4-03	logic	293
src/modelutil.ts	ModelUtil	isSystemProperty	static	5	2.5	RUST		-	-	-	false	concerto_core::model_util	P2-01+P4-03	glue	319
src/modelutil.ts	ModelUtil	isPrivateSystemProperty	static	3	1.5	RUST		-	-	-	false	concerto_core::model_util	P2-01+P4-03	glue	332
src/modelutil.ts	ModelUtil	isValidMapKey	static	3	1.5	RUST		-	-	-	false	concerto_core::model_util	P2-01+P4-03	glue	342
src/modelutil.ts	ModelUtil	isValidMapKeyScalar	static	14	14	PARTIAL	no engine call: the TS body (branches, loops or throw sites) still runs and decides the result and any exception; not yet converted to a delegation. Planned task kept; porting it is follow-up after P5-10 (accordproject/concerto-rust#261)	-	-	-	false	concerto_core::model_util	P2-01+P4-03	logic	352
src/modelutil.ts	ModelUtil	isValidMapValue	static	3	1.5	RUST		-	-	-	false	concerto_core::model_util	P2-01+P4-03	glue	373
src/rootmodelhelper.ts		getRootModel	function	16	16	TS	fixed-data builder: returns or adds a fixed system model/field definition (rootmodel.json/decoratormodel.json are duplicated in concerto-rust src/); no model logic to port. Stays TS by maintainer decision (accordproject/concerto-rust#276, 2026-09-28)	-	-	-	false	-	P2-08+P4-08	logic	21
src/securityexception.ts	SecurityException	constructor	ctor	3	1.5	TS	exception class must stay a JS Error subclass (instanceof / class checks in ~81 assertions, M tests construct it directly); Rust supplies kind/code/params/location and the P4-02 error mapper instantiates this class	B:securityexception.js	-	n=1 securityexception.js:1	false	-	P1-05+P4-02	glue	29
src/serializer.ts		warnLenientDateTimesIgnored	function	13	13	TS	JS process warning (P5-24): strictQualifiedDateTimes: false is ignored; no model logic. Classified at the P5-64 re-audit (accordproject/concerto-rust#401)	-	-	-	false	-	-	logic	50
src/serializer.ts	Serializer	constructor	ctor	11	11	TS	holds TS Factory/ModelManager references and the options object; argument checks only	B:serializer.js,serializer/maptype/serializer.js,model/concept.js,+6	n=2 serializer.js:2	n=179 serializer.js:117,serializer/maptype/serializer.js:35,serializer/resourcevalidator.js:7,+11files	true	-	-	logic	81
src/serializer.ts	Serializer	setDefaultOptions	method	4	2	TS	options-object bookkeeping; no model logic	B:serializer.js	-	n=5 serializer.js:5	false	-	-	glue	97
src/serializer.ts	Serializer	toJSON	method	50	50	HYBRID	fast path: one Rust call validates and serialises the whole document; visitor path (ResourceValidator + JSONGenerator over TS Resource objects) kept for options/tests that need it	B:serializer/maptype/serializer.js,serializer.js,serializer/resourcevalidator.js,+8	-	n=155 serializer.js:97,serializer/maptype/serializer.js:34,serializer/resourcevalidator.js:7,+13files	false	concerto_core::instance	P3-01+P4-10	logic	125
src/serializer.ts	Serializer	fromJSON	method	66	66	HYBRID	fast path: one Rust call validates/coerces the whole document; building the TS Resource objects (Factory, dayjs) stays in TS (D7)	B:serializer/maptype/serializer.js,serializer.js,model/concept.js,+3	-	n=143 serializer.js:102,serializer/maptype/serializer.js:28,model/concept.js:5,+8files	false	concerto_core::instance	P3-01+P4-10	logic	193
src/serializer/instancegenerator.ts	InstanceGenerator	visit	method	20	20	TS	Factory generate path (D7): builds TS Resource objects via Factory and a JS value generator	W:model/identifiable.js B:serializer/instancegenerator.js,serializer/jsonpopulator.js,serializer/jsongenerator.js,+1	-	n=10 serializer/jsonpopulator.js:7,serializer/instancegenerator.js:1,serializer/jsongenerator.js:1,+1files	false	-	-	logic	35
src/serializer/instancegenerator.ts	InstanceGenerator	visitClassDeclaration	method	14	14	TS	Factory generate path (D7): builds TS Resource objects via Factory and a JS value generator	W:serializer/resourcevalidator.js B:serializer/jsonpopulator.js,serializer/resourcevalidator.js,serializer/jsongenerator.js	n=5 serializer/jsonpopulator.js:2,serializer/resourcevalidator.js:2,serializer/jsongenerator.js:1	n=5 serializer/jsonpopulator.js:2,serializer/resourcevalidator.js:2,serializer/jsongenerator.js:1	false	-	-	logic	63
src/serializer/instancegenerator.ts	InstanceGenerator	visitField	method	29	29	TS	Factory generate path (D7): builds TS Resource objects via Factory and a JS value generator	W:serializer/jsongenerator.js,serializer/resourcevalidator.js B:serializer/jsongenerator.js,serializer/jsonpopulator.js,serializer/resourcevalidator.js	n=15 serializer/jsongenerator.js:12,serializer/jsonpopulator.js:2,serializer/resourcevalidator.js:1	n=15 serializer/jsongenerator.js:12,serializer/jsonpopulator.js:2,serializer/resourcevalidator.js:1	false	-	-	logic	85
src/serializer/instancegenerator.ts	InstanceGenerator	getFieldValue	method	67	67	TS	Factory generate path (D7): builds TS Resource objects via Factory and a JS value generator	-	-	-	false	-	-	logic	122
src/serializer/instancegenerator.ts	InstanceGenerator	findConcreteSubclass	method	15	15	TS	Factory generate path (D7): builds TS Resource objects via Factory and a JS value generator; the concrete-type ordering comes from the RUST getAssignableClassDeclarations. Stays TS by maintainer decision (accordproject/concerto-rust#276, 2026-09-28)	B:serializer/instancegenerator.js	-	n=1 serializer/instancegenerator.js:1	false	-	P3-01+P4-10	logic	200
src/serializer/instancegenerator.ts	InstanceGenerator	visitRelationshipDeclaration	method	14	14	TS	Factory generate path (D7): builds TS Resource objects via Factory and a JS value generator	W:serializer/resourcevalidator.js B:serializer/jsonpopulator.js,serializer/jsongenerator.js	n=23 serializer/jsonpopulator.js:15,serializer/jsongenerator.js:8	n=23 serializer/jsonpopulator.js:15,serializer/jsongenerator.js:8	false	-	-	logic	225
src/serializer/instancegenerator.ts	InstanceGenerator	visitMapDeclaration	method	3	1.5	TS	Factory generate path (D7): builds TS Resource objects via Factory and a JS value generator	-	-	-	false	-	-	glue	247
src/serializer/instancegenerator.ts	InstanceGenerator	generateRandomId	method	5	2.5	TS	Factory generate path (D7): builds TS Resource objects via Factory and a JS value generator	-	-	-	false	-	-	glue	257
src/serializer/jsongenerator.ts	JSONGenerator	constructor	ctor	7	3.5	TS	options plumbing for the TS visitor shell	B:serializer/jsongenerator.js	n=10 serializer/jsongenerator.js:10	n=40 serializer/jsongenerator.js:33,scripts/jsonsignaturegenerator.js:7	true	-	-	glue	54
src/serializer/jsongenerator.ts	JSONGenerator	visit	method	20	20	TS	visitor dispatch: W tests spy on visit/visitX	W:model/identifiable.js B:serializer/jsongenerator.js,serializer/jsonpopulator.js,serializer/instancegenerator.js,+1	-	n=10 serializer/jsonpopulator.js:7,serializer/instancegenerator.js:1,serializer/jsongenerator.js:1,+1files	false	-	-	logic	69
src/serializer/jsongenerator.ts	JSONGenerator	visitMapDeclaration	method	53	53	TS	visitor fallback path: runs only when Serializer.fromJSON/toJSON hit EngineFastPathUnsupported (a lone surrogate, a cycle or a wire shape the codec rejects) or when a caller drives the visitor directly; the fast path runs the same work in Rust in one call. Stays TS by maintainer decision (accordproject/concerto-rust#276, 2026-09-28)	-	-	-	false	-	P3-01+P4-10	logic	97
src/serializer/jsongenerator.ts	JSONGenerator	visitClassDeclaration	method	38	38	TS	visitor fallback path: runs only when Serializer.fromJSON/toJSON hit EngineFastPathUnsupported (a lone surrogate, a cycle or a wire shape the codec rejects) or when a caller drives the visitor directly; the fast path runs the same work in Rust in one call. Stays TS by maintainer decision (accordproject/concerto-rust#276, 2026-09-28)	W:serializer/resourcevalidator.js B:serializer/jsongenerator.js,serializer/jsonpopulator.js,serializer/resourcevalidator.js	n=5 serializer/jsonpopulator.js:2,serializer/resourcevalidator.js:2,serializer/jsongenerator.js:1	n=5 serializer/jsonpopulator.js:2,serializer/resourcevalidator.js:2,serializer/jsongenerator.js:1	false	-	P3-01+P4-10	logic	158
src/serializer/jsongenerator.ts	JSONGenerator	visitField	method	34	34	TS	visitor fallback path: runs only when Serializer.fromJSON/toJSON hit EngineFastPathUnsupported (a lone surrogate, a cycle or a wire shape the codec rejects) or when a caller drives the visitor directly; the fast path runs the same work in Rust in one call. Stays TS by maintainer decision (accordproject/concerto-rust#276, 2026-09-28)	W:serializer/jsongenerator.js,serializer/resourcevalidator.js B:serializer/jsongenerator.js,serializer/jsonpopulator.js,serializer/resourcevalidator.js	n=15 serializer/jsongenerator.js:12,serializer/jsonpopulator.js:2,serializer/resourcevalidator.js:1	n=15 serializer/jsongenerator.js:12,serializer/jsonpopulator.js:2,serializer/resourcevalidator.js:1	false	-	P3-01+P4-10	logic	204
src/serializer/jsongenerator.ts	JSONGenerator	convertToJSON	method	22	22	HYBRID	DateTime formatting of TS dayjs values on the visitor path; Rust formats from (epoch ms, offset) on the fast path	B:serializer/jsongenerator.js	-	n=7 serializer/jsongenerator.js:7	false	concerto_core::instance	P3-01+P4-10	logic	246
src/serializer/jsongenerator.ts	JSONGenerator	visitRelationshipDeclaration	method	17	17	TS	visitor fallback path: runs only when Serializer.fromJSON/toJSON hit EngineFastPathUnsupported (a lone surrogate, a cycle or a wire shape the codec rejects) or when a caller drives the visitor directly; the fast path runs the same work in Rust in one call. Stays TS by maintainer decision (accordproject/concerto-rust#276, 2026-09-28)	W:serializer/resourcevalidator.js B:serializer/jsongenerator.js,serializer/jsonpopulator.js	n=23 serializer/jsonpopulator.js:15,serializer/jsongenerator.js:8	n=23 serializer/jsonpopulator.js:15,serializer/jsongenerator.js:8	false	-	P3-01+P4-10	logic	276
src/serializer/jsongenerator.ts	JSONGenerator	convertRelationship	method	15	15	TS	visitor fallback path: runs only when Serializer.fromJSON/toJSON hit EngineFastPathUnsupported (a lone surrogate, a cycle or a wire shape the codec rejects) or when a caller drives the visitor directly; the fast path runs the same work in Rust in one call. Classified at the P5-64 re-audit (accordproject/concerto-rust#401) (P5-58: the relationship property and relationship map value path)	-	-	-	false	-	P3-01+P4-10	logic	305
src/serializer/jsongenerator.ts	JSONGenerator	getRelationshipText	method	14	14	TS	visitor fallback path: runs only when Serializer.fromJSON/toJSON hit EngineFastPathUnsupported (a lone surrogate, a cycle or a wire shape the codec rejects) or when a caller drives the visitor directly; the fast path runs the same work in Rust in one call. Stays TS by maintainer decision (accordproject/concerto-rust#276, 2026-09-28)	B:serializer/jsongenerator.js	-	n=4 serializer/jsongenerator.js:4	false	-	P3-01+P4-10	logic	327
src/serializer/jsongenerator.ts		relationshipMapURIs	function	24	24	HYBRID	visitor shell kept in TS because W tests spy on / stub visitX and build it over stub Resource/Field objects; per-field checks, coercions and messages it calls go to Rust (plan section 3)	-	-	-	false	concerto_core::instance	P3-01+P4-10	logic	354
src/serializer/jsonpopulator.ts		isRealInstant	function	4	2	TS	visitor fallback path: runs only when Serializer.fromJSON/toJSON hit EngineFastPathUnsupported (a lone surrogate, a cycle or a wire shape the codec rejects) or when a caller drives the visitor directly; the fast path runs the same work in Rust in one call. Classified at the P5-64 re-audit (accordproject/concerto-rust#401) (P5-24: a dayjs round-trip check of a DateTime's fields; Rust uses chrono on the fast path)	-	-	-	false	-	P3-01+P4-10	glue	46
src/serializer/jsonpopulator.ts		getAssignableProperties	function	20	30	TS	visitor fallback path: runs only when Serializer.fromJSON/toJSON hit EngineFastPathUnsupported (a lone surrogate, a cycle or a wire shape the codec rejects) or when a caller drives the visitor directly; the fast path runs the same work in Rust in one call. Stays TS by maintainer decision (accordproject/concerto-rust#276, 2026-09-28) (Rust serializer.rs carries the same checks and messages)	-	-	-	false	-	P3-01+P4-10	validation	79
src/serializer/jsonpopulator.ts		validateProperties	function	12	18	TS	visitor fallback path: runs only when Serializer.fromJSON/toJSON hit EngineFastPathUnsupported (a lone surrogate, a cycle or a wire shape the codec rejects) or when a caller drives the visitor directly; the fast path runs the same work in Rust in one call. Stays TS by maintainer decision (accordproject/concerto-rust#276, 2026-09-28) (Rust serializer.rs carries the same checks and messages)	-	-	-	false	-	P3-01+P4-10	validation	107
src/serializer/jsonpopulator.ts	JSONPopulator	constructor	ctor	9	4.5	TS	options plumbing for the TS visitor shell (plus a process.env.TZ debug warning)	B:serializer/jsonpopulator.js	n=62 serializer/jsonpopulator.js:62	n=62 serializer/jsonpopulator.js:62	true	-	-	glue	145
src/serializer/jsonpopulator.ts	JSONPopulator	visit	method	22	22	TS	visitor dispatch: W tests spy on visit/visitX (jsonpopulator.js, 57 stub instances)	W:model/identifiable.js B:serializer/jsonpopulator.js,serializer/instancegenerator.js,serializer/jsongenerator.js,+1	-	n=10 serializer/jsonpopulator.js:7,serializer/instancegenerator.js:1,serializer/jsongenerator.js:1,+1files	false	-	-	logic	162
src/serializer/jsonpopulator.ts	JSONPopulator	visitClassDeclaration	method	22	22	TS	visitor fallback path: runs only when Serializer.fromJSON/toJSON hit EngineFastPathUnsupported (a lone surrogate, a cycle or a wire shape the codec rejects) or when a caller drives the visitor directly; the fast path runs the same work in Rust in one call. Stays TS by maintainer decision (accordproject/concerto-rust#276, 2026-09-28)	W:serializer/resourcevalidator.js B:serializer/jsonpopulator.js,serializer/resourcevalidator.js,serializer/jsongenerator.js	n=5 serializer/jsonpopulator.js:2,serializer/resourcevalidator.js:2,serializer/jsongenerator.js:1	n=5 serializer/jsonpopulator.js:2,serializer/resourcevalidator.js:2,serializer/jsongenerator.js:1	false	-	P3-01+P4-10	logic	192
src/serializer/jsonpopulator.ts	JSONPopulator	visitMapDeclaration	method	46	46	TS	visitor fallback path: runs only when Serializer.fromJSON/toJSON hit EngineFastPathUnsupported (a lone surrogate, a cycle or a wire shape the codec rejects) or when a caller drives the visitor directly; the fast path runs the same work in Rust in one call. Stays TS by maintainer decision (accordproject/concerto-rust#276, 2026-09-28)	-	-	-	false	-	P3-01+P4-10	logic	222
src/serializer/jsonpopulator.ts	JSONPopulator	processMapType	method	33	33	TS	visitor fallback path: runs only when Serializer.fromJSON/toJSON hit EngineFastPathUnsupported (a lone surrogate, a cycle or a wire shape the codec rejects) or when a caller drives the visitor directly; the fast path runs the same work in Rust in one call. Stays TS by maintainer decision (accordproject/concerto-rust#276, 2026-09-28)	-	-	-	false	-	P3-01+P4-10	logic	278
src/serializer/jsonpopulator.ts	JSONPopulator	visitField	method	24	36	TS	visitor fallback path: runs only when Serializer.fromJSON/toJSON hit EngineFastPathUnsupported (a lone surrogate, a cycle or a wire shape the codec rejects) or when a caller drives the visitor directly; the fast path runs the same work in Rust in one call. Stays TS by maintainer decision (accordproject/concerto-rust#276, 2026-09-28)	W:serializer/jsongenerator.js,serializer/resourcevalidator.js B:serializer/jsonpopulator.js,serializer/jsongenerator.js,serializer/resourcevalidator.js	n=15 serializer/jsongenerator.js:12,serializer/jsonpopulator.js:2,serializer/resourcevalidator.js:1	n=15 serializer/jsongenerator.js:12,serializer/jsonpopulator.js:2,serializer/resourcevalidator.js:1	false	-	P3-01+P4-10	validation	319
src/serializer/jsonpopulator.ts	JSONPopulator	convertItem	method	40	40	TS	visitor fallback path: runs only when Serializer.fromJSON/toJSON hit EngineFastPathUnsupported (a lone surrogate, a cycle or a wire shape the codec rejects) or when a caller drives the visitor directly; the fast path runs the same work in Rust in one call. Stays TS by maintainer decision (accordproject/concerto-rust#276, 2026-09-28)	B:serializer/jsonpopulator.js	-	n=6 serializer/jsonpopulator.js:6	false	-	P3-01+P4-10	logic	350
src/serializer/jsonpopulator.ts	JSONPopulator	convertToObject	method	77	115.5	HYBRID	type checks, integer/strict-datetime rules and messages in Rust; the dayjs value is created in TS (D7)	B:serializer/jsonpopulator.js	-	n=30 serializer/jsonpopulator.js:30	false	concerto_core::instance	P3-01+P4-10	validation	399
src/serializer/jsonpopulator.ts	JSONPopulator	visitRelationshipDeclaration	method	44	66	TS	visitor fallback path: runs only when Serializer.fromJSON/toJSON hit EngineFastPathUnsupported (a lone surrogate, a cycle or a wire shape the codec rejects) or when a caller drives the visitor directly; the fast path runs the same work in Rust in one call. Stays TS by maintainer decision (accordproject/concerto-rust#276, 2026-09-28)	W:serializer/resourcevalidator.js B:serializer/jsonpopulator.js,serializer/jsongenerator.js	n=23 serializer/jsonpopulator.js:15,serializer/jsongenerator.js:8	n=23 serializer/jsonpopulator.js:15,serializer/jsongenerator.js:8	false	-	P3-01+P4-10	validation	484
src/serializer/jsonpopulator.ts	JSONPopulator	convertRelationship	method	27	27	TS	visitor fallback path: runs only when Serializer.fromJSON/toJSON hit EngineFastPathUnsupported (a lone surrogate, a cycle or a wire shape the codec rejects) or when a caller drives the visitor directly; the fast path runs the same work in Rust in one call. Classified at the P5-64 re-audit (accordproject/concerto-rust#401) (P5-58: the relationship property and relationship map value path)	-	-	-	false	-	P3-01+P4-10	logic	544
src/serializer/jsonpopulator.ts		relationshipDefaults	function	9	9	TS	visitor fallback path: runs only when Serializer.fromJSON/toJSON hit EngineFastPathUnsupported (a lone surrogate, a cycle or a wire shape the codec rejects) or when a caller drives the visitor directly; the fast path runs the same work in Rust in one call. Classified at the P5-64 re-audit (accordproject/concerto-rust#401) (P5-58: the default namespace and type of a relationship)	-	-	-	false	-	P3-01+P4-10	logic	580
src/serializer/jsonpopulator.ts		readRelationshipMapURIs	function	19	19	HYBRID	visitor shell kept in TS because W tests spy on / stub visitX and build it over stub Resource/Field objects; per-field checks, coercions and messages it calls go to Rust (plan section 3)	-	-	-	false	concerto_core::instance	P3-01+P4-10	logic	599
src/serializer/jsonpopulator.ts		relationshipFromId	function	5	2.5	HYBRID	visitor shell kept in TS because W tests spy on / stub visitX and build it over stub Resource/Field objects; per-field checks, coercions and messages it calls go to Rust (plan section 3)	-	-	-	false	concerto_core::instance	P3-01+P4-10	glue	626
src/serializer/relationshipmapvalue.ts		getRelationshipMapValue	function	19	19	TS	visitor-path adapter (P5-58): wraps a relationship map value type in the members JSONPopulator/JSONGenerator/ResourceValidator read from a RelationshipDeclaration, so the visitor fallback treats map values as relationship properties; no engine call. Classified at the P5-64 re-audit (accordproject/concerto-rust#401)	-	-	-	false	-	-	logic	46
src/serializer/resourcevalidator.ts	ResourceValidator	constructor	ctor	3	1.5	TS	options plumbing for the TS visitor shell	B:serializer/resourcevalidator.js	n=7 serializer/resourcevalidator.js:7	n=45 serializer/resourcevalidator.js:45	true	-	-	glue	60
src/serializer/resourcevalidator.ts	ResourceValidator	visit	method	15	15	TS	visitor dispatch: W tests spy on visit/visitX (resourcevalidator.js)	W:model/identifiable.js B:serializer/resourcevalidator.js,serializer/jsonpopulator.js,serializer/instancegenerator.js,+1	-	n=10 serializer/jsonpopulator.js:7,serializer/instancegenerator.js:1,serializer/jsongenerator.js:1,+1files	false	-	-	logic	71
src/serializer/resourcevalidator.ts	ResourceValidator	visitEnumDeclaration	method	19	28.5	TS	ResourceValidator visitor: the fallback path behind EngineFastPathUnsupported of ValidatedResource.validate/setPropertyValue/addArrayValue, which validate in one Rust call since P5-12c (accordproject/concerto-rust#293; the entry point moved by maintainer decision on #289), and the Serializer visitor fallback; W tests drive visitX directly. Stays TS by maintainer decision (accordproject/concerto-rust#276, 2026-09-28)	W:serializer/resourcevalidator.js	n=1 serializer/resourcevalidator.js:1	-	false	-	P3-01+P4-10	validation	95
src/serializer/resourcevalidator.ts	ResourceValidator	checkMapType	method	49	73.5	TS	ResourceValidator visitor: the fallback path behind EngineFastPathUnsupported of ValidatedResource.validate/setPropertyValue/addArrayValue, which validate in one Rust call since P5-12c (accordproject/concerto-rust#293; the entry point moved by maintainer decision on #289), and the Serializer visitor fallback; W tests drive visitX directly. Stays TS by maintainer decision (accordproject/concerto-rust#276, 2026-09-28)	-	-	-	false	-	P3-01+P4-10	validation	124
src/serializer/resourcevalidator.ts	ResourceValidator	visitMapDeclaration	method	27	40.5	TS	ResourceValidator visitor: the fallback path behind EngineFastPathUnsupported of ValidatedResource.validate/setPropertyValue/addArrayValue, which validate in one Rust call since P5-12c (accordproject/concerto-rust#293; the entry point moved by maintainer decision on #289), and the Serializer visitor fallback; W tests drive visitX directly. Stays TS by maintainer decision (accordproject/concerto-rust#276, 2026-09-28)	-	-	-	false	-	P3-01+P4-10	validation	183
src/serializer/resourcevalidator.ts	ResourceValidator	visitClassDeclaration	method	87	130.5	TS	ResourceValidator visitor: the fallback path behind EngineFastPathUnsupported of ValidatedResource.validate/setPropertyValue/addArrayValue, which validate in one Rust call since P5-12c (accordproject/concerto-rust#293; the entry point moved by maintainer decision on #289), and the Serializer visitor fallback; W tests drive visitX directly. Stays TS by maintainer decision (accordproject/concerto-rust#276, 2026-09-28)	W:serializer/resourcevalidator.js B:serializer/resourcevalidator.js,serializer/jsonpopulator.js,serializer/jsongenerator.js	n=6 serializer/resourcevalidator.js:3,serializer/jsonpopulator.js:2,serializer/jsongenerator.js:1	n=5 serializer/jsonpopulator.js:2,serializer/resourcevalidator.js:2,serializer/jsongenerator.js:1	false	-	P3-01+P4-10	validation	218
src/serializer/resourcevalidator.ts	ResourceValidator	visitField	method	27	40.5	TS	ResourceValidator visitor: the fallback path behind EngineFastPathUnsupported of ValidatedResource.validate/setPropertyValue/addArrayValue, which validate in one Rust call since P5-12c (accordproject/concerto-rust#293; the entry point moved by maintainer decision on #289), and the Serializer visitor fallback; W tests drive visitX directly. Stays TS by maintainer decision (accordproject/concerto-rust#276, 2026-09-28)	W:serializer/jsongenerator.js,serializer/resourcevalidator.js B:serializer/resourcevalidator.js,serializer/jsongenerator.js,serializer/jsonpopulator.js	n=16 serializer/jsongenerator.js:12,serializer/jsonpopulator.js:2,serializer/resourcevalidator.js:2	n=15 serializer/jsongenerator.js:12,serializer/jsonpopulator.js:2,serializer/resourcevalidator.js:1	false	-	P3-01+P4-10	validation	313
src/serializer/resourcevalidator.ts	ResourceValidator	checkEnum	method	22	33	TS	ResourceValidator visitor: the fallback path behind EngineFastPathUnsupported of ValidatedResource.validate/setPropertyValue/addArrayValue, which validate in one Rust call since P5-12c (accordproject/concerto-rust#293; the entry point moved by maintainer decision on #289), and the Serializer visitor fallback; W tests drive visitX directly. Stays TS by maintainer decision (accordproject/concerto-rust#276, 2026-09-28)	-	-	-	false	-	P3-01+P4-10	validation	348
src/serializer/resourcevalidator.ts	ResourceValidator	checkArray	method	13	19.5	TS	ResourceValidator visitor: the fallback path behind EngineFastPathUnsupported of ValidatedResource.validate/setPropertyValue/addArrayValue, which validate in one Rust call since P5-12c (accordproject/concerto-rust#293; the entry point moved by maintainer decision on #289), and the Serializer visitor fallback; W tests drive visitX directly. Stays TS by maintainer decision (accordproject/concerto-rust#276, 2026-09-28)	-	-	-	false	-	P3-01+P4-10	validation	378
src/serializer/resourcevalidator.ts	ResourceValidator	checkItem	method	70	105	HYBRID	visitor shell kept in TS because W tests spy on / stub visitX and build it over stub Resource/Field objects; per-field checks, coercions and messages it calls go to Rust (plan section 3)	B:serializer/resourcevalidator.js	-	n=2 serializer/resourcevalidator.js:2	false	concerto_core::instance	P3-01+P4-10	validation	399
src/serializer/resourcevalidator.ts	ResourceValidator	visitRelationshipDeclaration	method	20	30	TS	ResourceValidator visitor: the fallback path behind EngineFastPathUnsupported of ValidatedResource.validate/setPropertyValue/addArrayValue, which validate in one Rust call since P5-12c (accordproject/concerto-rust#293; the entry point moved by maintainer decision on #289), and the Serializer visitor fallback; W tests drive visitX directly. Stays TS by maintainer decision (accordproject/concerto-rust#276, 2026-09-28)	W:serializer/resourcevalidator.js B:serializer/jsonpopulator.js,serializer/jsongenerator.js	n=24 serializer/jsonpopulator.js:15,serializer/jsongenerator.js:8,serializer/resourcevalidator.js:1	n=23 serializer/jsonpopulator.js:15,serializer/jsongenerator.js:8	false	-	P3-01+P4-10	validation	477
src/serializer/resourcevalidator.ts	ResourceValidator	checkRelationship	method	19	28.5	TS	ResourceValidator visitor: the fallback path behind EngineFastPathUnsupported of ValidatedResource.validate/setPropertyValue/addArrayValue, which validate in one Rust call since P5-12c (accordproject/concerto-rust#293; the entry point moved by maintainer decision on #289), and the Serializer visitor fallback; W tests drive visitX directly. Stays TS by maintainer decision (accordproject/concerto-rust#276, 2026-09-28)	B:serializer/resourcevalidator.js	-	n=2 serializer/resourcevalidator.js:2	false	-	P3-01+P4-10	validation	505
src/serializer/resourcevalidator.ts	ResourceValidator	reportFieldTypeViolation	static	32	32	TS	ResourceValidator visitor: the fallback path behind EngineFastPathUnsupported of ValidatedResource.validate/setPropertyValue/addArrayValue, which validate in one Rust call since P5-12c (accordproject/concerto-rust#293; the entry point moved by maintainer decision on #289), and the Serializer visitor fallback; W tests drive visitX directly. Stays TS by maintainer decision (accordproject/concerto-rust#276, 2026-09-28)	B:serializer/resourcevalidator.js	-	n=2 serializer/resourcevalidator.js:2	false	-	P3-01+P4-10	logic	534
src/serializer/resourcevalidator.ts	ResourceValidator	reportNotResouceViolation	static	10	10	TS	ResourceValidator visitor: the fallback path behind EngineFastPathUnsupported of ValidatedResource.validate/setPropertyValue/addArrayValue, which validate in one Rust call since P5-12c (accordproject/concerto-rust#293; the entry point moved by maintainer decision on #289), and the Serializer visitor fallback; W tests drive visitX directly. Stays TS by maintainer decision (accordproject/concerto-rust#276, 2026-09-28)	-	-	-	false	-	P3-01+P4-10	logic	574
src/serializer/resourcevalidator.ts	ResourceValidator	reportNotRelationshipViolation	static	10	10	TS	ResourceValidator visitor: the fallback path behind EngineFastPathUnsupported of ValidatedResource.validate/setPropertyValue/addArrayValue, which validate in one Rust call since P5-12c (accordproject/concerto-rust#293; the entry point moved by maintainer decision on #289), and the Serializer visitor fallback; W tests drive visitX directly. Stays TS by maintainer decision (accordproject/concerto-rust#276, 2026-09-28)	-	-	-	false	-	P3-01+P4-10	logic	592
src/serializer/resourcevalidator.ts	ResourceValidator	reportMissingRequiredProperty	static	7	7	TS	ResourceValidator visitor: the fallback path behind EngineFastPathUnsupported of ValidatedResource.validate/setPropertyValue/addArrayValue, which validate in one Rust call since P5-12c (accordproject/concerto-rust#293; the entry point moved by maintainer decision on #289), and the Serializer visitor fallback; W tests drive visitX directly. Stays TS by maintainer decision (accordproject/concerto-rust#276, 2026-09-28)	-	-	-	false	-	P3-01+P4-10	logic	609
src/serializer/resourcevalidator.ts	ResourceValidator	reportEmptyIdentifier	static	6	6	TS	ResourceValidator visitor: the fallback path behind EngineFastPathUnsupported of ValidatedResource.validate/setPropertyValue/addArrayValue, which validate in one Rust call since P5-12c (accordproject/concerto-rust#293; the entry point moved by maintainer decision on #289), and the Serializer visitor fallback; W tests drive visitX directly. Stays TS by maintainer decision (accordproject/concerto-rust#276, 2026-09-28)	-	-	-	false	-	P3-01+P4-10	logic	623
src/serializer/resourcevalidator.ts	ResourceValidator	reportInvalidEnumValue	static	8	8	TS	ResourceValidator visitor: the fallback path behind EngineFastPathUnsupported of ValidatedResource.validate/setPropertyValue/addArrayValue, which validate in one Rust call since P5-12c (accordproject/concerto-rust#293; the entry point moved by maintainer decision on #289), and the Serializer visitor fallback; W tests drive visitX directly. Stays TS by maintainer decision (accordproject/concerto-rust#276, 2026-09-28)	-	-	-	false	-	P3-01+P4-10	logic	637
src/serializer/resourcevalidator.ts	ResourceValidator	reportAbstractClass	static	6	6	TS	ResourceValidator visitor: the fallback path behind EngineFastPathUnsupported of ValidatedResource.validate/setPropertyValue/addArrayValue, which validate in one Rust call since P5-12c (accordproject/concerto-rust#293; the entry point moved by maintainer decision on #289), and the Serializer visitor fallback; W tests drive visitX directly. Stays TS by maintainer decision (accordproject/concerto-rust#276, 2026-09-28)	-	-	-	false	-	P3-01+P4-10	logic	652
src/serializer/resourcevalidator.ts	ResourceValidator	reportUndeclaredField	static	8	8	TS	ResourceValidator visitor: the fallback path behind EngineFastPathUnsupported of ValidatedResource.validate/setPropertyValue/addArrayValue, which validate in one Rust call since P5-12c (accordproject/concerto-rust#293; the entry point moved by maintainer decision on #289), and the Serializer visitor fallback; W tests drive visitX directly. Stays TS by maintainer decision (accordproject/concerto-rust#276, 2026-09-28)	-	-	-	false	-	P3-01+P4-10	logic	667
src/serializer/resourcevalidator.ts	ResourceValidator	reportInvalidFieldAssignment	static	24	24	TS	ResourceValidator visitor: the fallback path behind EngineFastPathUnsupported of ValidatedResource.validate/setPropertyValue/addArrayValue, which validate in one Rust call since P5-12c (accordproject/concerto-rust#293; the entry point moved by maintainer decision on #289), and the Serializer visitor fallback; W tests drive visitX directly. Stays TS by maintainer decision (accordproject/concerto-rust#276, 2026-09-28)	-	-	-	false	-	P3-01+P4-10	logic	685
src/serializer/validationexception.ts	ValidationException	constructor	ctor	3	1.5	TS	exception class must stay a JS Error subclass (instanceof / class checks in ~81 assertions, M tests construct it directly); Rust supplies kind/code/params/location and the P4-02 error mapper instantiates this class	-	-	-	false	-	P1-05+P4-02	glue	44
src/serializer/valuegenerator.ts		generateSentence	function	9	9	TS	sample-data generation: Math.random, randexp over JS RegExp and dayjs; output is non-deterministic and tied to Factory generate options (D7)	-	-	-	false	-	-	logic	32
src/serializer/valuegenerator.ts		randomNumberInRangeWithPrecision	function	15	15	TS	sample-data generation: Math.random, randexp over JS RegExp and dayjs; output is non-deterministic and tied to Factory generate options (D7)	-	-	-	false	-	-	logic	52
src/serializer/valuegenerator.ts		getRange	function	29	29	TS	sample-data generation: Math.random, randexp over JS RegExp and dayjs; output is non-deterministic and tied to Factory generate options (D7)	B:serializer/valuegenerator.js	-	n=7 serializer/valuegenerator.js:7	false	-	-	logic	77
src/serializer/valuegenerator.ts		generateString	function	9	9	TS	sample-data generation: Math.random, randexp over JS RegExp and dayjs; output is non-deterministic and tied to Factory generate options (D7)	-	-	-	false	-	-	logic	116
src/serializer/valuegenerator.ts		getString	function	8	8	TS	sample-data generation: Math.random, randexp over JS RegExp and dayjs; output is non-deterministic and tied to Factory generate options (D7)	B:serializer/valuegenerator.js	-	n=2 serializer/valuegenerator.js:2	false	-	-	logic	133
src/serializer/valuegenerator.ts		isLengthInRange	function	9	9	TS	sample-data generation: Math.random, randexp over JS RegExp and dayjs; output is non-deterministic and tied to Factory generate options (D7)	-	-	-	false	-	-	logic	152
src/serializer/valuegenerator.ts		getRegexString	function	15	15	TS	sample-data generation: Math.random, randexp over JS RegExp and dayjs; output is non-deterministic and tied to Factory generate options (D7)	-	-	-	false	-	-	logic	170
src/serializer/valuegenerator.ts	EmptyValueGenerator	constructor	ctor	3	1.5	TS	sample-data generation: Math.random, randexp over JS RegExp and dayjs; output is non-deterministic and tied to Factory generate options (D7)	-	-	-	false	-	-	glue	198
src/serializer/valuegenerator.ts	EmptyValueGenerator	getDateTime	method	3	1.5	TS	sample-data generation: Math.random, randexp over JS RegExp and dayjs; output is non-deterministic and tied to Factory generate options (D7)	-	-	-	false	-	-	glue	206
src/serializer/valuegenerator.ts	EmptyValueGenerator	getInteger	method	3	1.5	TS	sample-data generation: Math.random, randexp over JS RegExp and dayjs; output is non-deterministic and tied to Factory generate options (D7)	-	-	-	false	-	-	glue	214
src/serializer/valuegenerator.ts	EmptyValueGenerator	getLong	method	3	1.5	TS	sample-data generation: Math.random, randexp over JS RegExp and dayjs; output is non-deterministic and tied to Factory generate options (D7)	-	-	-	false	-	-	glue	222
src/serializer/valuegenerator.ts	EmptyValueGenerator	getDouble	method	3	1.5	TS	sample-data generation: Math.random, randexp over JS RegExp and dayjs; output is non-deterministic and tied to Factory generate options (D7)	-	-	-	false	-	-	glue	230
src/serializer/valuegenerator.ts	EmptyValueGenerator	getBoolean	method	3	1.5	TS	constant-return member (type/kind marker or fixed default, body is `return <literal>`); stays as-is on the TS class, nothing to port	-	-	-	false	-	-	glue	238
src/serializer/valuegenerator.ts	EmptyValueGenerator	getString	method	6	6	TS	sample-data generation: Math.random, randexp over JS RegExp and dayjs; output is non-deterministic and tied to Factory generate options (D7)	B:serializer/valuegenerator.js	-	n=2 serializer/valuegenerator.js:2	false	-	-	logic	248
src/serializer/valuegenerator.ts	EmptyValueGenerator	getEnum	method	3	1.5	TS	sample-data generation: Math.random, randexp over JS RegExp and dayjs; output is non-deterministic and tied to Factory generate options (D7)	B:serializer/valuegenerator.js	-	n=2 serializer/valuegenerator.js:2	false	-	-	glue	260
src/serializer/valuegenerator.ts	EmptyValueGenerator	getMap	method	3	1.5	TS	sample-data generation: Math.random, randexp over JS RegExp and dayjs; output is non-deterministic and tied to Factory generate options (D7)	-	-	-	false	-	-	glue	268
src/serializer/valuegenerator.ts	EmptyValueGenerator	getArray	method	3	1.5	TS	sample-data generation: Math.random, randexp over JS RegExp and dayjs; output is non-deterministic and tied to Factory generate options (D7)	B:serializer/valuegenerator.js	-	n=2 serializer/valuegenerator.js:2	false	-	-	glue	277
src/serializer/valuegenerator.ts	EmptyValueGenerator	getRegex	method	3	1.5	TS	sample-data generation: Math.random, randexp over JS RegExp and dayjs; output is non-deterministic and tied to Factory generate options (D7)	B:serializer/valuegenerator.js,introspect/stringvalidator.js	-	n=7 serializer/valuegenerator.js:4,introspect/stringvalidator.js:3	false	-	-	glue	288
src/serializer/valuegenerator.ts	EmptyValueGenerator	getRange	method	3	1.5	TS	sample-data generation: Math.random, randexp over JS RegExp and dayjs; output is non-deterministic and tied to Factory generate options (D7)	B:serializer/valuegenerator.js	-	n=7 serializer/valuegenerator.js:7	false	-	-	glue	300
src/serializer/valuegenerator.ts	SampleValueGenerator	constructor	ctor	3	1.5	TS	sample-data generation: Math.random, randexp over JS RegExp and dayjs; output is non-deterministic and tied to Factory generate options (D7)	-	-	-	false	-	-	glue	314
src/serializer/valuegenerator.ts	SampleValueGenerator	getInteger	method	3	1.5	TS	sample-data generation: Math.random, randexp over JS RegExp and dayjs; output is non-deterministic and tied to Factory generate options (D7)	-	-	-	false	-	-	glue	322
src/serializer/valuegenerator.ts	SampleValueGenerator	getLong	method	3	1.5	TS	sample-data generation: Math.random, randexp over JS RegExp and dayjs; output is non-deterministic and tied to Factory generate options (D7)	-	-	-	false	-	-	glue	330
src/serializer/valuegenerator.ts	SampleValueGenerator	getDouble	method	3	1.5	TS	sample-data generation: Math.random, randexp over JS RegExp and dayjs; output is non-deterministic and tied to Factory generate options (D7)	-	-	-	false	-	-	glue	338
src/serializer/valuegenerator.ts	SampleValueGenerator	getBoolean	method	3	1.5	TS	sample-data generation: Math.random, randexp over JS RegExp and dayjs; output is non-deterministic and tied to Factory generate options (D7)	-	-	-	false	-	-	glue	346
src/serializer/valuegenerator.ts	SampleValueGenerator	getString	method	3	1.5	TS	sample-data generation: Math.random, randexp over JS RegExp and dayjs; output is non-deterministic and tied to Factory generate options (D7)	B:serializer/valuegenerator.js	-	n=2 serializer/valuegenerator.js:2	false	-	-	glue	356
src/serializer/valuegenerator.ts	SampleValueGenerator	getEnum	method	3	1.5	TS	sample-data generation: Math.random, randexp over JS RegExp and dayjs; output is non-deterministic and tied to Factory generate options (D7)	B:serializer/valuegenerator.js	-	n=2 serializer/valuegenerator.js:2	false	-	-	glue	366
src/serializer/valuegenerator.ts	SampleValueGenerator	getMap	method	3	1.5	TS	sample-data generation: Math.random, randexp over JS RegExp and dayjs; output is non-deterministic and tied to Factory generate options (D7)	-	-	-	false	-	-	glue	374
src/serializer/valuegenerator.ts	SampleValueGenerator	getArray	method	3	1.5	TS	sample-data generation: Math.random, randexp over JS RegExp and dayjs; output is non-deterministic and tied to Factory generate options (D7)	B:serializer/valuegenerator.js	-	n=2 serializer/valuegenerator.js:2	false	-	-	glue	383
src/serializer/valuegenerator.ts	SampleValueGenerator	getRegex	method	3	1.5	TS	sample-data generation: Math.random, randexp over JS RegExp and dayjs; output is non-deterministic and tied to Factory generate options (D7)	B:serializer/valuegenerator.js,introspect/stringvalidator.js	-	n=7 serializer/valuegenerator.js:4,introspect/stringvalidator.js:3	false	-	-	glue	394
src/serializer/valuegenerator.ts	SampleValueGenerator	getRange	method	3	1.5	TS	sample-data generation: Math.random, randexp over JS RegExp and dayjs; output is non-deterministic and tied to Factory generate options (D7)	B:serializer/valuegenerator.js	-	n=7 serializer/valuegenerator.js:7	false	-	-	glue	406
src/serializer/valuegenerator.ts	ValueGeneratorFactory	empty	static	3	1.5	TS	sample-data generation: Math.random, randexp over JS RegExp and dayjs; output is non-deterministic and tied to Factory generate options (D7)	B:serializer/valuegenerator.js	-	n=7 serializer/valuegenerator.js:7	false	-	-	glue	420
src/serializer/valuegenerator.ts	ValueGeneratorFactory	sample	static	3	1.5	TS	sample-data generation: Math.random, randexp over JS RegExp and dayjs; output is non-deterministic and tied to Factory generate options (D7)	B:serializer/valuegenerator.js	-	n=10 serializer/valuegenerator.js:10	false	-	-	glue	428
src/typenotfoundexception.ts	TypeNotFoundException	constructor	ctor	13	6.5	TS	exception class must stay a JS Error subclass (instanceof / class checks in ~81 assertions, M tests construct it directly); Rust supplies kind/code/params/location and the P4-02 error mapper instantiates this class	B:typenotfoundexception.js,serializer/jsonpopulator.js	-	n=6 typenotfoundexception.js:4,serializer/jsonpopulator.js:2	false	-	P1-05+P4-02	glue	35
src/typenotfoundexception.ts	TypeNotFoundException	getTypeName	method	3	1.5	TS	accessor on the TS exception class	B:typenotfoundexception.js	-	n=1 typenotfoundexception.js:1	false	-	P1-05+P4-02	glue	53
